academic_program_code,alias_type,alias_name,normalized_alias_name,source
T00000012625,official_name,미래도시건축환경융합전공,미래도시건축환경융합전공,2026_department_classification
T00000012625,display_name,공과대학 미래도시건축환경융합전공,공과대학미래도시건축환경융합전공,2026_department_classification
T00000012631,official_name,스마트가전공학과,스마트가전공학과,2026_department_classification
T00000012631,display_name,공과대학 스마트가전공학과,공과대학스마트가전공학과,2026_department_classification
T00000012652,official_name,정보컴퓨터공학부(디자인테크놀로지전공),정보컴퓨터공학부(디자인테크놀로지전공),2026_department_classification
T00000012652,display_name,정보의생명공학대학 정보컴퓨터공학부(디자인테크놀로지전공),정보의생명공학대학정보컴퓨터공학부(디자인테크놀로지전공),2026_department_classification
T00000012652,parent_department_name,정보컴퓨터공학부,정보컴퓨터공학부,2026_department_classification
T00000012652,major_name,디자인테크놀로지전공,디자인테크놀로지전공,2026_department_classification
T00000012655,official_name,첨단IT자율전공,첨단it자율전공,2026_department_classification
T00000012655,display_name,공과대학 첨단IT자율전공,공과대학첨단it자율전공,2026_department_classification
T00000012656,official_name,첨단모빌리티자율전공,첨단모빌리티자율전공,2026_department_classification
T00000012656,display_name,공과대학 첨단모빌리티자율전공,공과대학첨단모빌리티자율전공,2026_department_classification
T00000012657,official_name,첨단소재자율전공,첨단소재자율전공,2026_department_classification
T00000012657,display_name,공과대학 첨단소재자율전공,공과대학첨단소재자율전공,2026_department_classification
T00000012658,official_name,첨단융합학부 AI융합계산과학전공,첨단융합학부ai융합계산과학전공,2026_department_classification
T00000012658,display_name,학부대학 첨단융합학부 AI융합계산과학전공,학부대학첨단융합학부ai융합계산과학전공,2026_department_classification
T00000012659,official_name,첨단융합학부 광메카트로닉스공학전공,첨단융합학부광메카트로닉스공학전공,2026_department_classification
T00000012659,display_name,학부대학 첨단융합학부 광메카트로닉스공학전공,학부대학첨단융합학부광메카트로닉스공학전공,2026_department_classification
T00000012660,official_name,첨단융합학부 나노소자첨단제조전공,첨단융합학부나노소자첨단제조전공,2026_department_classification
T00000012660,display_name,학부대학 첨단융합학부 나노소자첨단제조전공,학부대학첨단융합학부나노소자첨단제조전공,2026_department_classification
T00000012661,official_name,첨단융합학부 미래에너지전공,첨단융합학부미래에너지전공,2026_department_classification
T00000012661,display_name,학부대학 첨단융합학부 미래에너지전공,학부대학첨단융합학부미래에너지전공,2026_department_classification
T00000012662,official_name,첨단융합학부 스마트시티전공,첨단융합학부스마트시티전공,2026_department_classification
T00000012662,display_name,공과대학 첨단융합학부 스마트시티전공,공과대학첨단융합학부스마트시티전공,2026_department_classification
U01010100008,official_name,언어정보학과,언어정보학과,2026_department_classification
U01010100008,display_name,인문대학 언어정보학과,인문대학언어정보학과,2026_department_classification
U01010200008,official_name,국어국문학과,국어국문학과,2026_department_classification
U01010200008,display_name,인문대학 국어국문학과,인문대학국어국문학과,2026_department_classification
U01010300010,official_name,일어일문학과,일어일문학과,2026_department_classification
U01010300010,display_name,인문대학 일어일문학과,인문대학일어일문학과,2026_department_classification
U01010400016,official_name,중어중문학과,중어중문학과,2026_department_classification
U01010400016,display_name,인문대학 중어중문학과,인문대학중어중문학과,2026_department_classification
U01010400019,official_name,한문학과,한문학과,2026_department_classification
U01010400019,display_name,인문대학 한문학과,인문대학한문학과,2026_department_classification
U01010600018,official_name,영어영문학과,영어영문학과,2026_department_classification
U01010600018,display_name,인문대학 영어영문학과,인문대학영어영문학과,2026_department_classification
U01010700003,official_name,독어독문학과,독어독문학과,2026_department_classification
U01010700003,display_name,인문대학 독어독문학과,인문대학독어독문학과,2026_department_classification
U01010800003,official_name,노어노문학과,노어노문학과,2026_department_classification
U01010800003,display_name,인문대학 노어노문학과,인문대학노어노문학과,2026_department_classification
U01011000004,official_name,불어불문학과,불어불문학과,2026_department_classification
U01011000004,display_name,인문대학 불어불문학과,인문대학불어불문학과,2026_department_classification
U01020100006,official_name,문헌정보학과,문헌정보학과,2026_department_classification
U01020100006,display_name,사회과학대학 문헌정보학과,사회과학대학문헌정보학과,2026_department_classification
U01020300006,official_name,심리학과,심리학과,2026_department_classification
U01020300006,display_name,사회과학대학 심리학과,사회과학대학심리학과,2026_department_classification
U01020400001,official_name,고고학과,고고학과,2026_department_classification
U01020400001,display_name,인문대학 고고학과,인문대학고고학과,2026_department_classification
U01020400006,official_name,사학과,사학과,2026_department_classification
U01020400006,display_name,인문대학 사학과,인문대학사학과,2026_department_classification
U01020700029,official_name,철학과,철학과,2026_department_classification
U01020700029,display_name,인문대학 철학과,인문대학철학과,2026_department_classification
U01020800075,official_name,교양학부(인문사회계열),교양학부(인문사회계열),2026_department_classification
U01020800075,display_name,단과대구분없음 교양학부(인문사회계열),단과대구분없음교양학부(인문사회계열),2026_department_classification
U01020800075,parent_department_name,교양학부,교양학부,2026_department_classification
U01020800075,major_name,인문사회계열,인문사회계열,2026_department_classification
U01020800121,official_name,기타모집단위,기타모집단위,2026_department_classification
U01020800121,display_name,단과대구분없음 기타모집단위,단과대구분없음기타모집단위,2026_department_classification
U01020800341,official_name,글로벌자유전공학부,글로벌자유전공학부,2026_department_classification
U01020800341,display_name,학부대학 글로벌자유전공학부,학부대학글로벌자유전공학부,2026_department_classification
U02010100035,official_name,경영학과,경영학과,2026_department_classification
U02010100035,display_name,경영대학 경영학과,경영대학경영학과,2026_department_classification
U02010100038,official_name,경영학부,경영학부,2026_department_classification
U02010100038,display_name,상과대학 경영학부,상과대학경영학부,2026_department_classification
U02010100039,official_name,경영학전공,경영학전공,2026_department_classification
U02010100039,display_name,상과대학 경영학전공,상과대학경영학전공,2026_department_classification
U02010100522,official_name,관광컨벤션학부,관광컨벤션학부,2026_department_classification
U02010100522,display_name,단과대구분없음 관광컨벤션학부,단과대구분없음관광컨벤션학부,2026_department_classification
U02010200014,official_name,경제학과,경제학과,2026_department_classification
U02010200014,display_name,상과대학 경제학과,상과대학경제학과,2026_department_classification
U02010200015,official_name,경제학부,경제학부,2026_department_classification
U02010200015,display_name,경제통상대학 경제학부,경제통상대학경제학부,2026_department_classification
U02010200024,official_name,농업경제학과,농업경제학과,2026_department_classification
U02010200024,display_name,생명자원과학대학 농업경제학과,생명자원과학대학농업경제학과,2026_department_classification
U02010300070,official_name,관광컨벤션학과,관광컨벤션학과,2026_department_classification
U02010300070,display_name,경제통상대학 관광컨벤션학과,경제통상대학관광컨벤션학과,2026_department_classification
U02010500055,official_name,회계학전공,회계학전공,2026_department_classification
U02010500055,display_name,상과대학 회계학전공,상과대학회계학전공,2026_department_classification
U02010500227,official_name,핀테크융합전공,핀테크융합전공,2026_department_classification
U02010500227,display_name,단과대구분없음 핀테크융합전공,단과대구분없음핀테크융합전공,2026_department_classification
U02010600029,official_name,무역·국제학부,무역·국제학부,2026_department_classification
U02010600029,display_name,상과대학 무역·국제학부,상과대학무역·국제학부,2026_department_classification
U02010600032,official_name,무역학부,무역학부,2026_department_classification
U02010600032,display_name,경제통상대학 무역학부,경제통상대학무역학부,2026_department_classification
U02030100029,official_name,사회복지학과,사회복지학과,2026_department_classification
U02030100029,display_name,사회과학대학 사회복지학과,사회과학대학사회복지학과,2026_department_classification
U02030200021,official_name,국제학부,국제학부,2026_department_classification
U02030200021,display_name,경제통상대학 국제학부,경제통상대학국제학부,2026_department_classification
U02030200082,official_name,한국·동아시아학전공,한국·동아시아학전공,2026_department_classification
U02030200082,display_name,경제통상대학 한국·동아시아학전공,경제통상대학한국·동아시아학전공,2026_department_classification
U02030400005,official_name,사회학과,사회학과,2026_department_classification
U02030400005,display_name,사회과학대학 사회학과,사회과학대학사회학과,2026_department_classification
U02030500040,official_name,신문방송학과,신문방송학과,2026_department_classification
U02030500040,display_name,사회과학대학 신문방송학과,사회과학대학신문방송학과,2026_department_classification
U02030500137,official_name,미디어커뮤니케이션학과,미디어커뮤니케이션학과,2026_department_classification
U02030500137,display_name,사회과학대학 미디어커뮤니케이션학과,사회과학대학미디어커뮤니케이션학과,2026_department_classification
U02030600012,official_name,정치외교학과,정치외교학과,2026_department_classification
U02030600012,display_name,사회과학대학 정치외교학과,사회과학대학정치외교학과,2026_department_classification
U02030700014,official_name,공공정책학부,공공정책학부,2026_department_classification
U02030700014,display_name,경제통상대학 공공정책학부,경제통상대학공공정책학부,2026_department_classification
U02030700081,official_name,행정학과,행정학과,2026_department_classification
U02030700081,display_name,사회과학대학 행정학과,사회과학대학행정학과,2026_department_classification
U02030800044,official_name,Global Studies Program,globalstudiesprogram,2026_department_classification
U02030800044,display_name,단과대구분없음 Global Studies Program,단과대구분없음globalstudiesprogram,2026_department_classification
U03010100010,official_name,교육학과,교육학과,2026_department_classification
U03010100010,display_name,사범대학 교육학과,사범대학교육학과,2026_department_classification
U03020100007,official_name,유아교육과,유아교육과,2026_department_classification
U03020100007,display_name,사범대학 유아교육과,사범대학유아교육과,2026_department_classification
U03030100013,official_name,특수교육과,특수교육과,2026_department_classification
U03030100013,display_name,사범대학 특수교육과,사범대학특수교육과,2026_department_classification
U03050100002,official_name,국어교육과,국어교육과,2026_department_classification
U03050100002,display_name,사범대학 국어교육과,사범대학국어교육과,2026_department_classification
U03050100004,official_name,독어교육과,독어교육과,2026_department_classification
U03050100004,display_name,사범대학 독어교육과,사범대학독어교육과,2026_department_classification
U03050100007,official_name,불어교육과,불어교육과,2026_department_classification
U03050100007,display_name,사범대학 불어교육과,사범대학불어교육과,2026_department_classification
U03050100010,official_name,영어교육과,영어교육과,2026_department_classification
U03050100010,display_name,사범대학 영어교육과,사범대학영어교육과,2026_department_classification
U03050200011,official_name,윤리교육과,윤리교육과,2026_department_classification
U03050200011,display_name,사범대학 윤리교육과,사범대학윤리교육과,2026_department_classification
U03050300007,official_name,역사교육과,역사교육과,2026_department_classification
U03050300007,display_name,사범대학 역사교육과,사범대학역사교육과,2026_department_classification
U03050300012,official_name,일반사회교육과,일반사회교육과,2026_department_classification
U03050300012,display_name,사범대학 일반사회교육과,사범대학일반사회교육과,2026_department_classification
U03050300014,official_name,지리교육과,지리교육과,2026_department_classification
U03050300014,display_name,사범대학 지리교육과,사범대학지리교육과,2026_department_classification
U03050500010,official_name,물리교육과,물리교육과,2026_department_classification
U03050500010,display_name,사범대학 물리교육과,사범대학물리교육과,2026_department_classification
U03050500013,official_name,생물교육과,생물교육과,2026_department_classification
U03050500013,display_name,사범대학 생물교육과,사범대학생물교육과,2026_department_classification
U03050500018,official_name,수학교육과,수학교육과,2026_department_classification
U03050500018,display_name,사범대학 수학교육과,사범대학수학교육과,2026_department_classification
U03050500021,official_name,지구과학교육과,지구과학교육과,2026_department_classification
U03050500021,display_name,사범대학 지구과학교육과,사범대학지구과학교육과,2026_department_classification
U03050500023,official_name,화학교육과,화학교육과,2026_department_classification
U03050500023,display_name,사범대학 화학교육과,사범대학화학교육과,2026_department_classification
U03050600009,official_name,체육교육과,체육교육과,2026_department_classification
U03050600009,display_name,사범대학 체육교육과,사범대학체육교육과,2026_department_classification
U04010100003,official_name,건축공학과,건축공학과,2026_department_classification
U04010100003,display_name,공과대학 건축공학과,공과대학건축공학과,2026_department_classification
U04010100007,official_name,건축공학전공,건축공학전공,2026_department_classification
U04010100007,display_name,공과대학 건축공학전공,공과대학건축공학전공,2026_department_classification
U04010100062,official_name,산업건축학과,산업건축학과,2026_department_classification
U04010100062,display_name,생명자원과학대학 산업건축학과,생명자원과학대학산업건축학과,2026_department_classification
U04010100115,official_name,건설융합학부 건축공학전공,건설융합학부건축공학전공,2026_department_classification
U04010100115,display_name,공과대학 건설융합학부 건축공학전공,공과대학건설융합학부건축공학전공,2026_department_classification
U04010200012,official_name,건축학과,건축학과,2026_department_classification
U04010200012,display_name,공과대학 건축학과,공과대학건축학과,2026_department_classification
U04010200013,official_name,건축학부,건축학부,2026_department_classification
U04010200013,display_name,공과대학 건축학부,공과대학건축학부,2026_department_classification
U04010200014,official_name,건축학전공,건축학전공,2026_department_classification
U04010200014,display_name,공과대학 건축학전공,공과대학건축학전공,2026_department_classification
U04010200084,official_name,건축학과(5년제),건축학과(5년제),2026_department_classification
U04010200084,display_name,공과대학 건축학과(5년제),공과대학건축학과(5년제),2026_department_classification
U04010200084,parent_department_name,건축학과,건축학과,2026_department_classification
U04010200084,major_name,5년제,5년제,2026_department_classification
U04010200092,official_name,건설융합학부,건설융합학부,2026_department_classification
U04010200092,display_name,공과대학 건설융합학부,공과대학건설융합학부,2026_department_classification
U04010200093,official_name,건설융합학부 건축학전공,건설융합학부건축학전공,2026_department_classification
U04010200093,display_name,공과대학 건설융합학부 건축학전공,공과대학건설융합학부건축학전공,2026_department_classification
U04010300027,official_name,조경학과(한국조경사회),조경학과(한국조경사회),2026_department_classification
U04010300027,display_name,생명자원과학대학 조경학과(한국조경사회),생명자원과학대학조경학과(한국조경사회),2026_department_classification
U04010300027,parent_department_name,조경학과,조경학과,2026_department_classification
U04010300027,major_name,한국조경사회,한국조경사회,2026_department_classification
U04020100047,official_name,토목공학과,토목공학과,2026_department_classification
U04020100047,display_name,공과대학 토목공학과,공과대학토목공학과,2026_department_classification
U04020100136,official_name,사회환경시스템공학부 토목공학전공,사회환경시스템공학부토목공학전공,2026_department_classification
U04020100136,display_name,공과대학 사회환경시스템공학부 토목공학전공,공과대학사회환경시스템공학부토목공학전공,2026_department_classification
U04020100166,official_name,건설융합학부 토목공학전공,건설융합학부토목공학전공,2026_department_classification
U04020100166,display_name,공과대학 건설융합학부 토목공학전공,공과대학건설융합학부토목공학전공,2026_department_classification
U04020200003,official_name,도시공학과,도시공학과,2026_department_classification
U04020200003,display_name,공과대학 도시공학과,공과대학도시공학과,2026_department_classification
U04020200039,official_name,건설융합학부 도시공학전공,건설융합학부도시공학전공,2026_department_classification
U04020200039,display_name,공과대학 건설융합학부 도시공학전공,공과대학건설융합학부도시공학전공,2026_department_classification
U04020200075,official_name,스마트시티전공,스마트시티전공,2026_department_classification
U04020200075,display_name,공과대학 스마트시티전공,공과대학스마트시티전공,2026_department_classification
U04030200017,official_name,항공우주공학과,항공우주공학과,2026_department_classification
U04030200017,display_name,공과대학 항공우주공학과,공과대학항공우주공학과,2026_department_classification
U04030300062,official_name,해양학과,해양학과,2026_department_classification
U04030300062,display_name,자연과학대학 해양학과,자연과학대학해양학과,2026_department_classification
U04030300075,official_name,조선·해양공학과,조선·해양공학과,2026_department_classification
U04030300075,display_name,공과대학 조선·해양공학과,공과대학조선·해양공학과,2026_department_classification
U04030300077,official_name,조선·해양공학과(삼성중공업),조선·해양공학과(삼성중공업),2026_department_classification
U04030300077,display_name,공과대학 조선·해양공학과(삼성중공업),공과대학조선·해양공학과(삼성중공업),2026_department_classification
U04030300077,parent_department_name,조선·해양공학과,조선·해양공학과,2026_department_classification
U04030300077,major_name,삼성중공업,삼성중공업,2026_department_classification
U04030300133,official_name,조선・해양공학과,조선・해양공학과,2026_department_classification
U04030300133,display_name,공과대학 조선・해양공학과,공과대학조선・해양공학과,2026_department_classification
U04040100012,official_name,기계공학부,기계공학부,2026_department_classification
U04040100012,display_name,공과대학 기계공학부,공과대학기계공학부,2026_department_classification
U04050100006,official_name,전기공학과,전기공학과,2026_department_classification
U04050100006,display_name,공과대학 전기공학과,공과대학전기공학과,2026_department_classification
U04050100058,official_name,발전공학과,발전공학과,2026_department_classification
U04050100058,display_name,공과대학 발전공학과,공과대학발전공학과,2026_department_classification
U04050100059,official_name,전기컴퓨터공학부,전기컴퓨터공학부,2026_department_classification
U04050100059,display_name,공과대학 전기컴퓨터공학부,공과대학전기컴퓨터공학부,2026_department_classification
U04050100060,official_name,전기컴퓨터공학부 전기공학전공,전기컴퓨터공학부전기공학전공,2026_department_classification
U04050100060,display_name,공과대학 전기컴퓨터공학부 전기공학전공,공과대학전기컴퓨터공학부전기공학전공,2026_department_classification
U04050100081,official_name,전기전자공학부 전기공학전공,전기전자공학부전기공학전공,2026_department_classification
U04050100081,display_name,공과대학 전기전자공학부 전기공학전공,공과대학전기전자공학부전기공학전공,2026_department_classification
U04050200028,official_name,전자공학과,전자공학과,2026_department_classification
U04050200028,display_name,공과대학 전자공학과,공과대학전자공학과,2026_department_classification
U04050200040,official_name,전자전기공학부,전자전기공학부,2026_department_classification
U04050200040,display_name,공과대학 전자전기공학부,공과대학전자전기공학부,2026_department_classification
U04050200220,official_name,전기전자공학부 전자공학전공,전기전자공학부전자공학전공,2026_department_classification
U04050200220,display_name,공과대학 전기전자공학부 전자공학전공,공과대학전기전자공학부전자공학전공,2026_department_classification
U04060200130,official_name,EES융합전공,ees융합전공,2026_department_classification
U04060200130,display_name,단과대구분없음 EES융합전공,단과대구분없음ees융합전공,2026_department_classification
U04070100084,official_name,전기전자공학부 반도체공학전공,전기전자공학부반도체공학전공,2026_department_classification
U04070100084,display_name,공과대학 전기전자공학부 반도체공학전공,공과대학전기전자공학부반도체공학전공,2026_department_classification
U04070300092,official_name,유기소재시스템공학과,유기소재시스템공학과,2026_department_classification
U04070300092,display_name,공과대학 유기소재시스템공학과,공과대학유기소재시스템공학과,2026_department_classification
U04070300093,official_name,나노소재공학과,나노소재공학과,2026_department_classification
U04070300093,display_name,나노과학기술대학 나노소재공학과,나노과학기술대학나노소재공학과,2026_department_classification
U04070300120,official_name,나노응용공학과,나노응용공학과,2026_department_classification
U04070300120,display_name,나노과학기술대학 나노응용공학과,나노과학기술대학나노응용공학과,2026_department_classification
U04070400012,official_name,재료공학부,재료공학부,2026_department_classification
U04070400012,display_name,공과대학 재료공학부,공과대학재료공학부,2026_department_classification
U04080100276,official_name,전기컴퓨터공학부 정보컴퓨터공학전공,전기컴퓨터공학부정보컴퓨터공학전공,2026_department_classification
U04080100276,display_name,공과대학 전기컴퓨터공학부 정보컴퓨터공학전공,공과대학전기컴퓨터공학부정보컴퓨터공학전공,2026_department_classification
U04080100419,official_name,정보컴퓨터공학부 컴퓨터공학전공,정보컴퓨터공학부컴퓨터공학전공,2026_department_classification
U04080100419,display_name,정보의생명공학대학 정보컴퓨터공학부 컴퓨터공학전공,정보의생명공학대학정보컴퓨터공학부컴퓨터공학전공,2026_department_classification
U04080100429,official_name,정보컴퓨터공학부 인공지능전공,정보컴퓨터공학부인공지능전공,2026_department_classification
U04080100429,display_name,정보의생명공학대학 정보컴퓨터공학부 인공지능전공,정보의생명공학대학정보컴퓨터공학부인공지능전공,2026_department_classification
U04080300126,official_name,정보컴퓨터공학부,정보컴퓨터공학부,2026_department_classification
U04080300126,display_name,공과대학 정보컴퓨터공학부,공과대학정보컴퓨터공학부,2026_department_classification
U04080300126,official_name,정보컴퓨터공학부,정보컴퓨터공학부,2026_department_classification
U04080300126,display_name,정보의생명공학대학 정보컴퓨터공학부,정보의생명공학대학정보컴퓨터공학부,2026_department_classification
U04090100007,official_name,사회기반시스템공학과,사회기반시스템공학과,2026_department_classification
U04090100007,display_name,공과대학 사회기반시스템공학과,공과대학사회기반시스템공학과,2026_department_classification
U04090100017,official_name,산업공학과,산업공학과,2026_department_classification
U04090100017,display_name,공과대학 산업공학과,공과대학산업공학과,2026_department_classification
U04100100001,official_name,고분자공학과,고분자공학과,2026_department_classification
U04100100001,display_name,공과대학 고분자공학과,공과대학고분자공학과,2026_department_classification
U04100100021,official_name,응용화학공학부,응용화학공학부,2026_department_classification
U04100100021,display_name,공과대학 응용화학공학부,공과대학응용화학공학부,2026_department_classification
U04100100035,official_name,화공생명공학과,화공생명공학과,2026_department_classification
U04100100035,display_name,공과대학 화공생명공학과,공과대학화공생명공학과,2026_department_classification
U04100100036,official_name,화공생명공학부,화공생명공학부,2026_department_classification
U04100100036,display_name,공과대학 화공생명공학부,공과대학화공생명공학부,2026_department_classification
U04100100059,official_name,고분자신소재공학전공,고분자신소재공학전공,2026_department_classification
U04100100059,display_name,공과대학 고분자신소재공학전공,공과대학고분자신소재공학전공,2026_department_classification
U04100100121,official_name,화학공학과(LG하우시스),화학공학과(lg하우시스),2026_department_classification
U04100100121,display_name,공과대학 화학공학과(LG하우시스),공과대학화학공학과(lg하우시스),2026_department_classification
U04100100121,parent_department_name,화학공학과,화학공학과,2026_department_classification
U04100100121,major_name,LG하우시스,lg하우시스,2026_department_classification
U04100100133,official_name,화공생명.환경공학부,화공생명.환경공학부,2026_department_classification
U04100100133,display_name,공과대학 화공생명.환경공학부,공과대학화공생명.환경공학부,2026_department_classification
U04100100134,official_name,화공생명.환경공학부 화공생명공학전공,화공생명.환경공학부화공생명공학전공,2026_department_classification
U04100100134,display_name,공과대학 화공생명.환경공학부 화공생명공학전공,공과대학화공생명.환경공학부화공생명공학전공,2026_department_classification
U04100100135,official_name,화공생명.환경공학부 환경공학전공,화공생명.환경공학부환경공학전공,2026_department_classification
U04100100135,display_name,공과대학 화공생명.환경공학부 환경공학전공,공과대학화공생명.환경공학부환경공학전공,2026_department_classification
U04110200109,official_name,바이오메디컬공학과,바이오메디컬공학과,2026_department_classification
U04110200109,display_name,생명자원과학대학 바이오메디컬공학과,생명자원과학대학바이오메디컬공학과,2026_department_classification
U04110300039,official_name,교양학부(공학계열),교양학부(공학계열),2026_department_classification
U04110300039,display_name,단과대구분없음 교양학부(공학계열),단과대구분없음교양학부(공학계열),2026_department_classification
U04110300039,parent_department_name,교양학부,교양학부,2026_department_classification
U04110300039,major_name,공학계열,공학계열,2026_department_classification
U04110300158,official_name,첨단융합학부,첨단융합학부,2026_department_classification
U04110300158,display_name,학부대학 첨단융합학부,학부대학첨단융합학부,2026_department_classification
U04110300165,official_name,첨단융합학부(정보의생명공학자율전공),첨단융합학부(정보의생명공학자율전공),2026_department_classification
U04110300165,display_name,정보의생명공학대학 첨단융합학부(정보의생명공학자율전공),정보의생명공학대학첨단융합학부(정보의생명공학자율전공),2026_department_classification
U04110300165,parent_department_name,첨단융합학부,첨단융합학부,2026_department_classification
U04110300165,major_name,정보의생명공학자율전공,정보의생명공학자율전공,2026_department_classification
U04110300166,official_name,첨단융합학부(나노자율전공),첨단융합학부(나노자율전공),2026_department_classification
U04110300166,display_name,학부대학 첨단융합학부(나노자율전공),학부대학첨단융합학부(나노자율전공),2026_department_classification
U04110300166,parent_department_name,첨단융합학부,첨단융합학부,2026_department_classification
U04110300166,major_name,나노자율전공,나노자율전공,2026_department_classification
U04110300167,official_name,첨단융합학부(공학자율전공),첨단융합학부(공학자율전공),2026_department_classification
U04110300167,display_name,학부대학 첨단융합학부(공학자율전공),학부대학첨단융합학부(공학자율전공),2026_department_classification
U04110300167,parent_department_name,첨단융합학부,첨단융합학부,2026_department_classification
U04110300167,major_name,공학자율전공,공학자율전공,2026_department_classification
U05020100014,official_name,생명과학과,생명과학과,2026_department_classification
U05020100014,display_name,자연과학대학 생명과학과,자연과학대학생명과학과,2026_department_classification
U05020100017,official_name,생명과학부,생명과학부,2026_department_classification
U05020100017,display_name,자연과학대학 생명과학부,자연과학대학생명과학부,2026_department_classification
U05020100161,official_name,바이오시스템공학부,바이오시스템공학부,2026_department_classification
U05020100161,display_name,생명자원과학대학 바이오시스템공학부,생명자원과학대학바이오시스템공학부,2026_department_classification
U05020100173,official_name,생명응용과학부,생명응용과학부,2026_department_classification
U05020100173,display_name,생명자원과학대학 생명응용과학부,생명자원과학대학생명응용과학부,2026_department_classification
U05020200005,official_name,미생물학과,미생물학과,2026_department_classification
U05020200005,display_name,자연과학대학 미생물학과,자연과학대학미생물학과,2026_department_classification
U05020200010,official_name,분자생물학과,분자생물학과,2026_department_classification
U05020200010,display_name,자연과학대학 분자생물학과,자연과학대학분자생물학과,2026_department_classification
U05020500010,official_name,화학과,화학과,2026_department_classification
U05020500010,display_name,자연과학대학 화학과,자연과학대학화학과,2026_department_classification
U05020600005,official_name,사회환경시스템공학부,사회환경시스템공학부,2026_department_classification
U05020600005,display_name,공과대학 사회환경시스템공학부,공과대학사회환경시스템공학부,2026_department_classification
U05020600027,official_name,지구환경시스템학부,지구환경시스템학부,2026_department_classification
U05020600027,display_name,자연과학대학 지구환경시스템학부,자연과학대학지구환경시스템학부,2026_department_classification
U05020600045,official_name,환경공학과,환경공학과,2026_department_classification
U05020600045,display_name,공과대학 환경공학과,공과대학환경공학과,2026_department_classification
U05020600049,official_name,환경공학전공,환경공학전공,2026_department_classification
U05020600049,display_name,공과대학 환경공학전공,공과대학환경공학전공,2026_department_classification
U05020600127,official_name,지역환경시스템전공,지역환경시스템전공,2026_department_classification
U05020600127,display_name,생명자원과학대학 지역환경시스템전공,생명자원과학대학지역환경시스템전공,2026_department_classification
U05020600142,official_name,사회환경시스템공학부 환경공학전공,사회환경시스템공학부환경공학전공,2026_department_classification
U05020600142,display_name,공과대학 사회환경시스템공학부 환경공학전공,공과대학사회환경시스템공학부환경공학전공,2026_department_classification
U05020600147,official_name,지역환경시스템공학과,지역환경시스템공학과,2026_department_classification
U05020600147,display_name,생명자원과학대학 지역환경시스템공학과,생명자원과학대학지역환경시스템공학과,2026_department_classification
U05030100034,official_name,아동가족학과,아동가족학과,2026_department_classification
U05030100034,display_name,생활과학대학 아동가족학과,생활과학대학아동가족학과,2026_department_classification
U05030100034,official_name,아동가족학과,아동가족학과,2026_department_classification
U05030100034,display_name,생활환경대학 아동가족학과,생활환경대학아동가족학과,2026_department_classification
U05030100046,official_name,주거환경학과,주거환경학과,2026_department_classification
U05030100046,display_name,생활환경대학 주거환경학과,생활환경대학주거환경학과,2026_department_classification
U05030200020,official_name,식품공학전공,식품공학전공,2026_department_classification
U05030200020,display_name,생명자원과학대학 식품공학전공,생명자원과학대학식품공학전공,2026_department_classification
U05030200045,official_name,식품영양학과,식품영양학과,2026_department_classification
U05030200045,display_name,생활과학대학 식품영양학과,생활과학대학식품영양학과,2026_department_classification
U05030200045,official_name,식품영양학과,식품영양학과,2026_department_classification
U05030200045,display_name,생활환경대학 식품영양학과,생활환경대학식품영양학과,2026_department_classification
U05030300008,official_name,의류학과,의류학과,2026_department_classification
U05030300008,display_name,생활과학대학 의류학과,생활과학대학의류학과,2026_department_classification
U05030300008,official_name,의류학과,의류학과,2026_department_classification
U05030300008,display_name,생활환경대학 의류학과,생활환경대학의류학과,2026_department_classification
U05040100016,official_name,수학과,수학과,2026_department_classification
U05040100016,display_name,자연과학대학 수학과,자연과학대학수학과,2026_department_classification
U05040100097,official_name,지능형헬스사이언스융합전공,지능형헬스사이언스융합전공,2026_department_classification
U05040100097,display_name,단과대구분없음 지능형헬스사이언스융합전공,단과대구분없음지능형헬스사이언스융합전공,2026_department_classification
U05040200022,official_name,통계학과,통계학과,2026_department_classification
U05040200022,display_name,자연과학대학 통계학과,자연과학대학통계학과,2026_department_classification
U05040300016,official_name,물리학과,물리학과,2026_department_classification
U05040300016,display_name,자연과학대학 물리학과,자연과학대학물리학과,2026_department_classification
U05040300059,official_name,나노과학기술학과군,나노과학기술학과군,2026_department_classification
U05040300059,display_name,나노과학기술대학 나노과학기술학과군,나노과학기술대학나노과학기술학과군,2026_department_classification
U05040400003,official_name,대기환경과학과,대기환경과학과,2026_department_classification
U05040400003,display_name,자연과학대학 대기환경과학과,자연과학대학대기환경과학과,2026_department_classification
U05040500023,official_name,지질환경과학과,지질환경과학과,2026_department_classification
U05040500023,display_name,자연과학대학 지질환경과학과,자연과학대학지질환경과학과,2026_department_classification
U05040600055,official_name,교양학부(자연과학계열),교양학부(자연과학계열),2026_department_classification
U05040600055,display_name,단과대구분없음 교양학부(자연과학계열),단과대구분없음교양학부(자연과학계열),2026_department_classification
U05040600055,parent_department_name,교양학부,교양학부,2026_department_classification
U05040600055,major_name,자연과학계열,자연과학계열,2026_department_classification
U06010100008,official_name,교양학부(의학계열),교양학부(의학계열),2026_department_classification
U06010100008,display_name,단과대구분없음 교양학부(의학계열),단과대구분없음교양학부(의학계열),2026_department_classification
U06010100008,parent_department_name,교양학부,교양학부,2026_department_classification
U06010100008,major_name,의학계열,의학계열,2026_department_classification
U06010200005,official_name,치의학과,치의학과,2026_department_classification
U06010200005,display_name,치과대학 치의학과,치과대학치의학과,2026_department_classification
U06030100006,official_name,약학부,약학부,2026_department_classification
U06030100006,display_name,약학대학 약학부,약학대학약학부,2026_department_classification
U06030100007,official_name,약학전공,약학전공,2026_department_classification
U06030100007,display_name,약학대학 약학전공,약학대학약학전공,2026_department_classification
U06030100011,official_name,제약학과,제약학과,2026_department_classification
U06030100011,display_name,약학대학 제약학과,약학대학제약학과,2026_department_classification
U06030100012,official_name,제약학전공,제약학전공,2026_department_classification
U06030100012,display_name,약학대학 제약학전공,약학대학제약학전공,2026_department_classification
U06030100035,official_name,제약학전공(통합6년제),제약학전공(통합6년제),2026_department_classification
U06030100035,display_name,약학대학 제약학전공(통합6년제),약학대학제약학전공(통합6년제),2026_department_classification
U06030100035,parent_department_name,제약학전공,제약학전공,2026_department_classification
U06030100035,major_name,통합6년제,통합6년제,2026_department_classification
U06030100036,official_name,약학전공(통합6년제),약학전공(통합6년제),2026_department_classification
U06030100036,display_name,약학대학 약학전공(통합6년제),약학대학약학전공(통합6년제),2026_department_classification
U06030100036,parent_department_name,약학전공,약학전공,2026_department_classification
U06030100036,major_name,통합6년제,통합6년제,2026_department_classification
U06030100037,official_name,약학부(통합6년제),약학부(통합6년제),2026_department_classification
U06030100037,display_name,약학대학 약학부(통합6년제),약학대학약학부(통합6년제),2026_department_classification
U06030100037,parent_department_name,약학부,약학부,2026_department_classification
U06030100037,major_name,통합6년제,통합6년제,2026_department_classification
U07010100008,official_name,디자인학과,디자인학과,2026_department_classification
U07010100008,display_name,예술대학 디자인학과,예술대학디자인학과,2026_department_classification
U07010100043,official_name,디자인학과(디자인앤테크놀로지전공),디자인학과(디자인앤테크놀로지전공),2026_department_classification
U07010100043,display_name,예술대학 디자인학과(디자인앤테크놀로지전공),예술대학디자인학과(디자인앤테크놀로지전공),2026_department_classification
U07010100043,parent_department_name,디자인학과,디자인학과,2026_department_classification
U07010100043,major_name,디자인앤테크놀로지전공,디자인앤테크놀로지전공,2026_department_classification
U07010300079,official_name,디자인학과(시각디자인전공),디자인학과(시각디자인전공),2026_department_classification
U07010300079,display_name,예술대학 디자인학과(시각디자인전공),예술대학디자인학과(시각디자인전공),2026_department_classification
U07010300079,parent_department_name,디자인학과,디자인학과,2026_department_classification
U07010300079,major_name,시각디자인전공,시각디자인전공,2026_department_classification
U07010500198,official_name,실내환경디자인학과,실내환경디자인학과,2026_department_classification
U07010500198,display_name,생활환경대학 실내환경디자인학과,생활환경대학실내환경디자인학과,2026_department_classification
U07010500198,official_name,실내환경디자인학과,실내환경디자인학과,2026_department_classification
U07010500198,display_name,생활과학대학 실내환경디자인학과,생활과학대학실내환경디자인학과,2026_department_classification
U07020200144,official_name,디자인학과(애니메이션전공),디자인학과(애니메이션전공),2026_department_classification
U07020200144,display_name,예술대학 디자인학과(애니메이션전공),예술대학디자인학과(애니메이션전공),2026_department_classification
U07020200144,parent_department_name,디자인학과,디자인학과,2026_department_classification
U07020200144,major_name,애니메이션전공,애니메이션전공,2026_department_classification
U07020300113,official_name,예술문화영상학과,예술문화영상학과,2026_department_classification
U07020300113,display_name,예술대학 예술문화영상학과,예술대학예술문화영상학과,2026_department_classification
U07020300163,official_name,교양학부(예체능계열),교양학부(예체능계열),2026_department_classification
U07020300163,display_name,단과대구분없음 교양학부(예체능계열),단과대구분없음교양학부(예체능계열),2026_department_classification
U07020300163,parent_department_name,교양학부,교양학부,2026_department_classification
U07020300163,major_name,예체능계열,예체능계열,2026_department_classification
U07030100005,official_name,무용학과,무용학과,2026_department_classification
U07030100005,display_name,예술대학 무용학과,예술대학무용학과,2026_department_classification
U07030100052,official_name,무용학과 발레전공,무용학과발레전공,2026_department_classification
U07030100052,display_name,예술대학 무용학과 발레전공,예술대학무용학과발레전공,2026_department_classification
U07030100053,official_name,무용학과 한국무용전공,무용학과한국무용전공,2026_department_classification
U07030100053,display_name,예술대학 무용학과 한국무용전공,예술대학무용학과한국무용전공,2026_department_classification
U07030100054,official_name,무용학과 현대무용전공,무용학과현대무용전공,2026_department_classification
U07030100054,display_name,예술대학 무용학과 현대무용전공,예술대학무용학과현대무용전공,2026_department_classification
U07030200060,official_name,스포츠과학과,스포츠과학과,2026_department_classification
U07030200060,display_name,생활과학대학 스포츠과학과,생활과학대학스포츠과학과,2026_department_classification
U07030200061,official_name,스포츠과학부,스포츠과학부,2026_department_classification
U07030200061,display_name,단과대구분없음 스포츠과학부,단과대구분없음스포츠과학부,2026_department_classification
U07040100009,official_name,미술학과,미술학과,2026_department_classification
U07040100009,display_name,예술대학 미술학과,예술대학미술학과,2026_department_classification
U07040100015,official_name,서양화전공,서양화전공,2026_department_classification
U07040100015,display_name,예술대학 서양화전공,예술대학서양화전공,2026_department_classification
U07040100029,official_name,한국화전공,한국화전공,2026_department_classification
U07040100029,display_name,예술대학 한국화전공,예술대학한국화전공,2026_department_classification
U07040300006,official_name,조소전공,조소전공,2026_department_classification
U07040300006,display_name,예술대학 조소전공,예술대학조소전공,2026_department_classification
U07040300046,official_name,조형학과,조형학과,2026_department_classification
U07040300046,display_name,예술대학 조형학과,예술대학조형학과,2026_department_classification
U07040300064,official_name,조형학과 가구목조형전공,조형학과가구목조형전공,2026_department_classification
U07040300064,display_name,예술대학 조형학과 가구목조형전공,예술대학조형학과가구목조형전공,2026_department_classification
U07040300065,official_name,조형학과 도예전공,조형학과도예전공,2026_department_classification
U07040300065,display_name,예술대학 조형학과 도예전공,예술대학조형학과도예전공,2026_department_classification
U07040300066,official_name,조형학과 섬유금속전공,조형학과섬유금속전공,2026_department_classification
U07040300066,display_name,예술대학 조형학과 섬유금속전공,예술대학조형학과섬유금속전공,2026_department_classification
U07060100003,official_name,음악학과,음악학과,2026_department_classification
U07060100003,display_name,예술대학 음악학과,예술대학음악학과,2026_department_classification
U07060100022,official_name,음악학과 성악전공,음악학과성악전공,2026_department_classification
U07060100022,display_name,예술대학 음악학과 성악전공,예술대학음악학과성악전공,2026_department_classification
U07060100023,official_name,음악학과 피아노전공,음악학과피아노전공,2026_department_classification
U07060100023,display_name,예술대학 음악학과 피아노전공,예술대학음악학과피아노전공,2026_department_classification
U07060100024,official_name,음악학과 작곡전공,음악학과작곡전공,2026_department_classification
U07060100024,display_name,예술대학 음악학과 작곡전공,예술대학음악학과작곡전공,2026_department_classification
U07060100025,official_name,음악학과 관현악전공,음악학과관현악전공,2026_department_classification
U07060100025,display_name,예술대학 음악학과 관현악전공,예술대학음악학과관현악전공,2026_department_classification
U07060200004,official_name,국악학과,국악학과,2026_department_classification
U07060200004,display_name,예술대학 국악학과,예술대학국악학과,2026_department_classification
U07060200006,official_name,한국음악학과,한국음악학과,2026_department_classification
U07060200006,display_name,예술대학 한국음악학과,예술대학한국음악학과,2026_department_classification
U07060200032,official_name,한국음악학과 이론・작곡전공,한국음악학과이론・작곡전공,2026_department_classification
U07060200032,display_name,예술대학 한국음악학과 이론・작곡전공,예술대학한국음악학과이론・작곡전공,2026_department_classification
U07060200033,official_name,한국음악학과 현악・성악전공,한국음악학과현악・성악전공,2026_department_classification
U07060200033,display_name,예술대학 한국음악학과 현악・성악전공,예술대학한국음악학과현악・성악전공,2026_department_classification
U07060200034,official_name,한국음악학과 관악・타악전공,한국음악학과관악・타악전공,2026_department_classification
U07060200034,display_name,예술대학 한국음악학과 관악・타악전공,예술대학한국음악학과관악・타악전공,2026_department_classification
U99999900005,official_name,자유전공학부,자유전공학부,2026_department_classification
U99999900005,display_name,학부대학 자유전공학부,학부대학자유전공학부,2026_department_classification
U04010300006,official_name,조경학과,조경학과,2026_department_classification
U04010300006,display_name,생명자원과학대학 조경학과,생명자원과학대학조경학과,2026_department_classification
U04040100127,official_name,바이오산업기계공학과,바이오산업기계공학과,2026_department_classification
U04040100127,display_name,생명자원과학대학 바이오산업기계공학과,생명자원과학대학바이오산업기계공학과,2026_department_classification
U04060200056,official_name,바이오환경에너지학과,바이오환경에너지학과,2026_department_classification
U04060200056,display_name,생명자원과학대학 바이오환경에너지학과,생명자원과학대학바이오환경에너지학과,2026_department_classification
U04080300412,official_name,IT응용공학과,it응용공학과,2026_department_classification
U04080300412,display_name,생명자원과학대학 IT응용공학과,생명자원과학대학it응용공학과,2026_department_classification
U04100100136,official_name,나노에너지공학과,나노에너지공학과,2026_department_classification
U04100100136,display_name,나노과학기술대학 나노에너지공학과,나노과학기술대학나노에너지공학과,2026_department_classification
U04110100036,official_name,나노메카트로닉스공학과,나노메카트로닉스공학과,2026_department_classification
U04110100036,display_name,나노과학기술대학 나노메카트로닉스공학과,나노과학기술대학나노메카트로닉스공학과,2026_department_classification
U04110100050,official_name,광메카트로닉스공학과,광메카트로닉스공학과,2026_department_classification
U04110100050,display_name,나노과학기술대학 광메카트로닉스공학과,나노과학기술대학광메카트로닉스공학과,2026_department_classification
U05010300083,official_name,원예생명과학과,원예생명과학과,2026_department_classification
U05010300083,display_name,생명자원과학대학 원예생명과학과,생명자원과학대학원예생명과학과,2026_department_classification
U05020100270,official_name,식물생명과학과,식물생명과학과,2026_department_classification
U05020100270,display_name,생명자원과학대학 식물생명과학과,생명자원과학대학식물생명과학과,2026_department_classification
U05020200118,official_name,바이오소재과학과,바이오소재과학과,2026_department_classification
U05020200118,display_name,생명자원과학대학 바이오소재과학과,생명자원과학대학바이오소재과학과,2026_department_classification
U05020300017,official_name,동물생명자원과학과,동물생명자원과학과,2026_department_classification
U05020300017,display_name,생명자원과학대학 동물생명자원과학과,생명자원과학대학동물생명자원과학과,2026_department_classification
U05020400078,official_name,식품자원경제학과,식품자원경제학과,2026_department_classification
U05020400078,display_name,생명자원과학대학 식품자원경제학과,생명자원과학대학식품자원경제학과,2026_department_classification
U05020500048,official_name,생명환경화학과,생명환경화학과,2026_department_classification
U05020500048,display_name,생명자원과학대학 생명환경화학과,생명자원과학대학생명환경화학과,2026_department_classification
U05030200017,official_name,식품공학과,식품공학과,2026_department_classification
U05030200017,display_name,생명자원과학대학 식품공학과,생명자원과학대학식품공학과,2026_department_classification
T00000012643,official_name,응용생명융합학부,응용생명융합학부,2026_department_classification
T00000012643,display_name,학부대학 응용생명융합학부,학부대학응용생명융합학부,2026_department_classification
T00000012644,official_name,응용생명융합학부(그린바이오과학전공),응용생명융합학부(그린바이오과학전공),2026_department_classification
T00000012644,display_name,학부대학 응용생명융합학부(그린바이오과학전공),학부대학응용생명융합학부(그린바이오과학전공),2026_department_classification
T00000012644,parent_department_name,응용생명융합학부,응용생명융합학부,2026_department_classification
T00000012644,major_name,그린바이오과학전공,그린바이오과학전공,2026_department_classification
T00000012645,official_name,응용생명융합학부(생명자원시스템공학전공),응용생명융합학부(생명자원시스템공학전공),2026_department_classification
T00000012645,display_name,학부대학 응용생명융합학부(생명자원시스템공학전공),학부대학응용생명융합학부(생명자원시스템공학전공),2026_department_classification
T00000012645,parent_department_name,응용생명융합학부,응용생명융합학부,2026_department_classification
T00000012645,major_name,생명자원시스템공학전공,생명자원시스템공학전공,2026_department_classification
U04080100312,official_name,데이터사이언스전공,데이터사이언스전공,2026_department_classification
U04080100312,display_name,정보의생명공학대학 데이터사이언스전공,정보의생명공학대학데이터사이언스전공,2026_department_classification
U05020100283,official_name,의생명공학전공,의생명공학전공,2026_department_classification
U05020100283,display_name,정보의생명공학대학 의생명공학전공,정보의생명공학대학의생명공학전공,2026_department_classification
U06010100002,official_name,의예과,의예과,2026_department_classification
U06010100002,display_name,의과대학 의예과,의과대학의예과,2026_department_classification
U06010100003,official_name,의학과,의학과,2026_department_classification
U06010100003,display_name,의과대학 의학과,의과대학의학과,2026_department_classification
U06010200004,official_name,치의예과,치의예과,2026_department_classification
U06010200004,display_name,치과대학 치의예과,치과대학치의예과,2026_department_classification
U06020100004,official_name,간호학과,간호학과,2026_department_classification
U06020100004,display_name,간호대학 간호학과,간호대학간호학과,2026_department_classification
U06040300066,official_name,의생명융합공학부,의생명융합공학부,2026_department_classification
U06040300066,display_name,정보의생명공학대학 의생명융합공학부,정보의생명공학대학의생명융합공학부,2026_department_classification
G01010100005,official_name,언어학과,언어학과,2026_department_classification
G01010100005,display_name,단과대구분없음 언어학과,단과대구분없음언어학과,2026_department_classification
G01010200003,official_name,국어국문학과,국어국문학과,2026_department_classification
G01010200003,display_name,단과대구분없음 국어국문학과,단과대구분없음국어국문학과,2026_department_classification
G01010300003,official_name,일어일문학과,일어일문학과,2026_department_classification
G01010300003,display_name,단과대구분없음 일어일문학과,단과대구분없음일어일문학과,2026_department_classification
G01010400006,official_name,중어중문학과,중어중문학과,2026_department_classification
G01010400006,display_name,단과대구분없음 중어중문학과,단과대구분없음중어중문학과,2026_department_classification
G01010400008,official_name,한문학과,한문학과,2026_department_classification
G01010400008,display_name,단과대구분없음 한문학과,단과대구분없음한문학과,2026_department_classification
G01010600006,official_name,영어영문학과,영어영문학과,2026_department_classification
G01010600006,display_name,단과대구분없음 영어영문학과,단과대구분없음영어영문학과,2026_department_classification
G01010700002,official_name,독어독문학과,독어독문학과,2026_department_classification
G01010700002,display_name,단과대구분없음 독어독문학과,단과대구분없음독어독문학과,2026_department_classification
G01010800002,official_name,노어노문학과,노어노문학과,2026_department_classification
G01010800002,display_name,단과대구분없음 노어노문학과,단과대구분없음노어노문학과,2026_department_classification
G01011000002,official_name,불어불문학과,불어불문학과,2026_department_classification
G01011000002,display_name,단과대구분없음 불어불문학과,단과대구분없음불어불문학과,2026_department_classification
G01020100002,official_name,기록관리학협동과정,기록관리학협동과정,2026_department_classification
G01020100002,display_name,단과대구분없음 기록관리학협동과정,단과대구분없음기록관리학협동과정,2026_department_classification
G01020100005,official_name,문헌정보학과,문헌정보학과,2026_department_classification
G01020100005,display_name,단과대구분없음 문헌정보학과,단과대구분없음문헌정보학과,2026_department_classification
G01020100011,official_name,기록관리학전공,기록관리학전공,2026_department_classification
G01020100011,display_name,단과대구분없음 기록관리학전공,단과대구분없음기록관리학전공,2026_department_classification
G01020200197,official_name,국제차산업문화전공,국제차산업문화전공,2026_department_classification
G01020200197,display_name,단과대구분없음 국제차산업문화전공,단과대구분없음국제차산업문화전공,2026_department_classification
G01020300010,official_name,심리학과,심리학과,2026_department_classification
G01020300010,display_name,단과대구분없음 심리학과,단과대구분없음심리학과,2026_department_classification
G01020300011,official_name,인지과학협동과정,인지과학협동과정,2026_department_classification
G01020300011,display_name,단과대구분없음 인지과학협동과정,단과대구분없음인지과학협동과정,2026_department_classification
G01020300090,official_name,인지과학전공,인지과학전공,2026_department_classification
G01020300090,display_name,단과대구분없음 인지과학전공,단과대구분없음인지과학전공,2026_department_classification
G01020400001,official_name,고고학과,고고학과,2026_department_classification
G01020400001,display_name,단과대구분없음 고고학과,단과대구분없음고고학과,2026_department_classification
G01020400006,official_name,사학과,사학과,2026_department_classification
G01020400006,display_name,단과대구분없음 사학과,단과대구분없음사학과,2026_department_classification
G01020700002,official_name,국민윤리학과,국민윤리학과,2026_department_classification
G01020700002,display_name,단과대구분없음 국민윤리학과,단과대구분없음국민윤리학과,2026_department_classification
G01020700023,official_name,철학과,철학과,2026_department_classification
G01020700023,display_name,단과대구분없음 철학과,단과대구분없음철학과,2026_department_classification
G02010100019,official_name,경영컨설팅학과,경영컨설팅학과,2026_department_classification
G02010100019,display_name,단과대구분없음 경영컨설팅학과,단과대구분없음경영컨설팅학과,2026_department_classification
G02010100022,official_name,경영학과,경영학과,2026_department_classification
G02010100022,display_name,단과대구분없음 경영학과,단과대구분없음경영학과,2026_department_classification
G02010100130,official_name,부동산학전공,부동산학전공,2026_department_classification
G02010100130,display_name,단과대구분없음 부동산학전공,단과대구분없음부동산학전공,2026_department_classification
G02010100326,official_name,경영컨설팅전공,경영컨설팅전공,2026_department_classification
G02010100326,display_name,단과대구분없음 경영컨설팅전공,단과대구분없음경영컨설팅전공,2026_department_classification
G02010100611,official_name,의료산업관리전공,의료산업관리전공,2026_department_classification
G02010100611,display_name,단과대구분없음 의료산업관리전공,단과대구분없음의료산업관리전공,2026_department_classification
G02010100818,official_name,미래경영학전공,미래경영학전공,2026_department_classification
G02010100818,display_name,단과대구분없음 미래경영학전공,단과대구분없음미래경영학전공,2026_department_classification
G02010100928,official_name,사회적기업학전공,사회적기업학전공,2026_department_classification
G02010100928,display_name,단과대구분없음 사회적기업학전공,단과대구분없음사회적기업학전공,2026_department_classification
G02010101063,official_name,디지털융합전략전공,디지털융합전략전공,2026_department_classification
G02010101063,display_name,단과대구분없음 디지털융합전략전공,단과대구분없음디지털융합전략전공,2026_department_classification
G02010200008,official_name,경제학과,경제학과,2026_department_classification
G02010200008,display_name,단과대구분없음 경제학과,단과대구분없음경제학과,2026_department_classification
G02010200024,official_name,농업경제학과,농업경제학과,2026_department_classification
G02010200024,display_name,단과대구분없음 농업경제학과,단과대구분없음농업경제학과,2026_department_classification
G02010300035,official_name,글로벌경제컨설팅전공,글로벌경제컨설팅전공,2026_department_classification
G02010300035,display_name,단과대구분없음 글로벌경제컨설팅전공,단과대구분없음글로벌경제컨설팅전공,2026_department_classification
G02010300041,official_name,관광컨벤션학과,관광컨벤션학과,2026_department_classification
G02010300041,display_name,단과대구분없음 관광컨벤션학과,단과대구분없음관광컨벤션학과,2026_department_classification
G02010500067,official_name,회계학과,회계학과,2026_department_classification
G02010500067,display_name,단과대구분없음 회계학과,단과대구분없음회계학과,2026_department_classification
G02010500080,official_name,수리금융전공협동과정,수리금융전공협동과정,2026_department_classification
G02010500080,display_name,단과대구분없음 수리금융전공협동과정,단과대구분없음수리금융전공협동과정,2026_department_classification
G02010500096,official_name,금융.증권.선물.보험전공,금융.증권.선물.보험전공,2026_department_classification
G02010500096,display_name,단과대구분없음 금융.증권.선물.보험전공,단과대구분없음금융.증권.선물.보험전공,2026_department_classification
G02010500168,official_name,수리금융전공,수리금융전공,2026_department_classification
G02010500168,display_name,단과대구분없음 수리금융전공,단과대구분없음수리금융전공,2026_department_classification
G02010600036,official_name,무역학과,무역학과,2026_department_classification
G02010600036,display_name,단과대구분없음 무역학과,단과대구분없음무역학과,2026_department_classification
G02010600086,official_name,물류IT협동과정,물류it협동과정,2026_department_classification
G02010600086,display_name,단과대구분없음 물류IT협동과정,단과대구분없음물류it협동과정,2026_department_classification
G02020100032,official_name,법학과,법학과,2026_department_classification
G02020100032,display_name,단과대구분없음 법학과,단과대구분없음법학과,2026_department_classification
G02020100105,official_name,법과학협동과정,법과학협동과정,2026_department_classification
G02020100105,display_name,단과대구분없음 법과학협동과정,단과대구분없음법과학협동과정,2026_department_classification
G02020100189,official_name,지식재산융합전공,지식재산융합전공,2026_department_classification
G02020100189,display_name,단과대구분없음 지식재산융합전공,단과대구분없음지식재산융합전공,2026_department_classification
G02030100032,official_name,사회복지학과,사회복지학과,2026_department_classification
G02030100032,display_name,단과대구분없음 사회복지학과,단과대구분없음사회복지학과,2026_department_classification
G02030100056,official_name,여성학협동과정,여성학협동과정,2026_department_classification
G02030100056,display_name,단과대구분없음 여성학협동과정,단과대구분없음여성학협동과정,2026_department_classification
G02030100218,official_name,사회적기업전공,사회적기업전공,2026_department_classification
G02030100218,display_name,단과대구분없음 사회적기업전공,단과대구분없음사회적기업전공,2026_department_classification
G02030100263,official_name,여성학전공,여성학전공,2026_department_classification
G02030100263,display_name,단과대구분없음 여성학전공,단과대구분없음여성학전공,2026_department_classification
G02030200027,official_name,NGO학협동과정,ngo학협동과정,2026_department_classification
G02030200027,display_name,단과대구분없음 NGO학협동과정,단과대구분없음ngo학협동과정,2026_department_classification
G02030200066,official_name,NGO학전공,ngo학전공,2026_department_classification
G02030200066,display_name,단과대구분없음 NGO학전공,단과대구분없음ngo학전공,2026_department_classification
G02030400006,official_name,사회학과,사회학과,2026_department_classification
G02030400006,display_name,단과대구분없음 사회학과,단과대구분없음사회학과,2026_department_classification
G02030500022,official_name,신문방송학과,신문방송학과,2026_department_classification
G02030500022,display_name,단과대구분없음 신문방송학과,단과대구분없음신문방송학과,2026_department_classification
G02030500100,official_name,미디어커뮤니케이션학과,미디어커뮤니케이션학과,2026_department_classification
G02030500100,display_name,단과대구분없음 미디어커뮤니케이션학과,단과대구분없음미디어커뮤니케이션학과,2026_department_classification
G02030600036,official_name,정치외교학과,정치외교학과,2026_department_classification
G02030600036,display_name,단과대구분없음 정치외교학과,단과대구분없음정치외교학과,2026_department_classification
G02030700016,official_name,공공정책학과,공공정책학과,2026_department_classification
G02030700016,display_name,단과대구분없음 공공정책학과,단과대구분없음공공정책학과,2026_department_classification
G02030700176,official_name,행정학과,행정학과,2026_department_classification
G02030700176,display_name,단과대구분없음 행정학과,단과대구분없음행정학과,2026_department_classification
G02030700242,official_name,기술사업정책전공,기술사업정책전공,2026_department_classification
G02030700242,display_name,단과대구분없음 기술사업정책전공,단과대구분없음기술사업정책전공,2026_department_classification
G02030700370,official_name,글로벌ICT정책,글로벌ict정책,2026_department_classification
G02030700370,display_name,단과대구분없음 글로벌ICT정책,단과대구분없음글로벌ict정책,2026_department_classification
G02030700401,official_name,공기업정책전공,공기업정책전공,2026_department_classification
G02030700401,display_name,단과대구분없음 공기업정책전공,단과대구분없음공기업정책전공,2026_department_classification
G03010100034,official_name,교육학과,교육학과,2026_department_classification
G03010100034,display_name,단과대구분없음 교육학과,단과대구분없음교육학과,2026_department_classification
G03010100047,official_name,사회교육학과,사회교육학과,2026_department_classification
G03010100047,display_name,단과대구분없음 사회교육학과,단과대구분없음사회교육학과,2026_department_classification
G03010100050,official_name,영재교육전공,영재교육전공,2026_department_classification
G03010100050,display_name,단과대구분없음 영재교육전공,단과대구분없음영재교육전공,2026_department_classification
G03010100137,official_name,영재교육협동과정,영재교육협동과정,2026_department_classification
G03010100137,display_name,단과대구분없음 영재교육협동과정,단과대구분없음영재교육협동과정,2026_department_classification
G03010100204,official_name,국제교육개발협력협동과정,국제교육개발협력협동과정,2026_department_classification
G03010100204,display_name,단과대구분없음 국제교육개발협력협동과정,단과대구분없음국제교육개발협력협동과정,2026_department_classification
G03010100242,official_name,국제교육개발협력전공,국제교육개발협력전공,2026_department_classification
G03010100242,display_name,단과대구분없음 국제교육개발협력전공,단과대구분없음국제교육개발협력전공,2026_department_classification
G03010100290,official_name,글로벌교원교육전공,글로벌교원교육전공,2026_department_classification
G03010100290,display_name,단과대구분없음 글로벌교원교육전공,단과대구분없음글로벌교원교육전공,2026_department_classification
G03020100010,official_name,유아교육학과,유아교육학과,2026_department_classification
G03020100010,display_name,단과대구분없음 유아교육학과,단과대구분없음유아교육학과,2026_department_classification
G03030100016,official_name,특수교육학과,특수교육학과,2026_department_classification
G03030100016,display_name,단과대구분없음 특수교육학과,단과대구분없음특수교육학과,2026_department_classification
G03050100003,official_name,국어교육학과,국어교육학과,2026_department_classification
G03050100003,display_name,단과대구분없음 국어교육학과,단과대구분없음국어교육학과,2026_department_classification
G03050100025,official_name,외국어로서의한국어교육전공,외국어로서의한국어교육전공,2026_department_classification
G03050100025,display_name,단과대구분없음 외국어로서의한국어교육전공,단과대구분없음외국어로서의한국어교육전공,2026_department_classification
G03050100043,official_name,외국어교육학과,외국어교육학과,2026_department_classification
G03050100043,display_name,단과대구분없음 외국어교육학과,단과대구분없음외국어교육학과,2026_department_classification
G03050200022,official_name,윤리교육학과,윤리교육학과,2026_department_classification
G03050200022,display_name,단과대구분없음 윤리교육학과,단과대구분없음윤리교육학과,2026_department_classification
G03050400045,official_name,공학교육협동과정,공학교육협동과정,2026_department_classification
G03050400045,display_name,단과대구분없음 공학교육협동과정,단과대구분없음공학교육협동과정,2026_department_classification
G03050500013,official_name,과학교육학과,과학교육학과,2026_department_classification
G03050500013,display_name,단과대구분없음 과학교육학과,단과대구분없음과학교육학과,2026_department_classification
G03050500035,official_name,수학교육학과,수학교육학과,2026_department_classification
G03050500035,display_name,단과대구분없음 수학교육학과,단과대구분없음수학교육학과,2026_department_classification
G04010100004,official_name,건축공학과,건축공학과,2026_department_classification
G04010100004,display_name,단과대구분없음 건축공학과,단과대구분없음건축공학과,2026_department_classification
G04010200011,official_name,건축학과,건축학과,2026_department_classification
G04010200011,display_name,단과대구분없음 건축학과,단과대구분없음건축학과,2026_department_classification
G04020100026,official_name,지질학과,지질학과,2026_department_classification
G04020100026,display_name,단과대구분없음 지질학과,단과대구분없음지질학과,2026_department_classification
G04020100031,official_name,토목공학과,토목공학과,2026_department_classification
G04020100031,display_name,단과대구분없음 토목공학과,단과대구분없음토목공학과,2026_department_classification
G04020100054,official_name,사회환경시스템공학과,사회환경시스템공학과,2026_department_classification
G04020100054,display_name,단과대구분없음 사회환경시스템공학과,단과대구분없음사회환경시스템공학과,2026_department_classification
G04020100126,official_name,한국원자력연구원,한국원자력연구원,2026_department_classification
G04020100126,display_name,단과대구분없음 한국원자력연구원,단과대구분없음한국원자력연구원,2026_department_classification
G04020200002,official_name,도시공학과,도시공학과,2026_department_classification
G04020200002,display_name,단과대구분없음 도시공학과,단과대구분없음도시공학과,2026_department_classification
G04020200077,official_name,공간정보전공,공간정보전공,2026_department_classification
G04020200077,display_name,단과대구분없음 공간정보전공,단과대구분없음공간정보전공,2026_department_classification
G04030100027,official_name,공간정보협동과정,공간정보협동과정,2026_department_classification
G04030100027,display_name,단과대구분없음 공간정보협동과정,단과대구분없음공간정보협동과정,2026_department_classification
G04030200013,official_name,항공우주공학과,항공우주공학과,2026_department_classification
G04030200013,display_name,단과대구분없음 항공우주공학과,단과대구분없음항공우주공학과,2026_department_classification
G04030300038,official_name,해양과학과,해양과학과,2026_department_classification
G04030300038,display_name,단과대구분없음 해양과학과,단과대구분없음해양과학과,2026_department_classification
G04030300059,official_name,조선·해양공학과,조선·해양공학과,2026_department_classification
G04030300059,display_name,단과대구분없음 조선·해양공학과,단과대구분없음조선·해양공학과,2026_department_classification
G04040100004,official_name,기계공학과,기계공학과,2026_department_classification
G04040100004,display_name,단과대구분없음 기계공학과,단과대구분없음기계공학과,2026_department_classification
G04040100005,official_name,기계공학부,기계공학부,2026_department_classification
G04040100005,display_name,단과대구분없음 기계공학부,단과대구분없음기계공학부,2026_department_classification
G04040100008,official_name,기계설계공학과,기계설계공학과,2026_department_classification
G04040100008,display_name,단과대구분없음 기계설계공학과,단과대구분없음기계설계공학과,2026_department_classification
G04040100018,official_name,생산기계공학과,생산기계공학과,2026_department_classification
G04040100018,display_name,단과대구분없음 생산기계공학과,단과대구분없음생산기계공학과,2026_department_classification
G04040100020,official_name,정밀기계공학과,정밀기계공학과,2026_department_classification
G04040100020,display_name,단과대구분없음 정밀기계공학과,단과대구분없음정밀기계공학과,2026_department_classification
G04040100023,official_name,지능기계공학과,지능기계공학과,2026_department_classification
G04040100023,display_name,단과대구분없음 지능기계공학과,단과대구분없음지능기계공학과,2026_department_classification
G04040100062,official_name,기계부품시스템전공,기계부품시스템전공,2026_department_classification
G04040100062,display_name,단과대구분없음 기계부품시스템전공,단과대구분없음기계부품시스템전공,2026_department_classification
G04040100079,official_name,그린수송시스템협동과정,그린수송시스템협동과정,2026_department_classification
G04040100079,display_name,단과대구분없음 그린수송시스템협동과정,단과대구분없음그린수송시스템협동과정,2026_department_classification
G04040100097,official_name,동력및서멀매니지먼트시스템전공,동력및서멀매니지먼트시스템전공,2026_department_classification
G04040100097,display_name,단과대구분없음 동력및서멀매니지먼트시스템전공,단과대구분없음동력및서멀매니지먼트시스템전공,2026_department_classification
G04040100111,official_name,지능기계시스템전공협동과정,지능기계시스템전공협동과정,2026_department_classification
G04040100111,display_name,단과대구분없음 지능기계시스템전공협동과정,단과대구분없음지능기계시스템전공협동과정,2026_department_classification
G04040100116,official_name,기계융합기술협동과정,기계융합기술협동과정,2026_department_classification
G04040100116,display_name,단과대구분없음 기계융합기술협동과정,단과대구분없음기계융합기술협동과정,2026_department_classification
G04040100122,official_name,기계융합기술전공,기계융합기술전공,2026_department_classification
G04040100122,display_name,단과대구분없음 기계융합기술전공,단과대구분없음기계융합기술전공,2026_department_classification
G04040100123,official_name,첨단혁신제조협동과정,첨단혁신제조협동과정,2026_department_classification
G04040100123,display_name,단과대구분없음 첨단혁신제조협동과정,단과대구분없음첨단혁신제조협동과정,2026_department_classification
G04040100124,official_name,환경고압기계전공,환경고압기계전공,2026_department_classification
G04040100124,display_name,단과대구분없음 환경고압기계전공,단과대구분없음환경고압기계전공,2026_department_classification
G04040100161,official_name,한국기계연구원,한국기계연구원,2026_department_classification
G04040100161,display_name,단과대구분없음 한국기계연구원,단과대구분없음한국기계연구원,2026_department_classification
G04040200001,official_name,금속공학과,금속공학과,2026_department_classification
G04040200001,display_name,단과대구분없음 금속공학과,단과대구분없음금속공학과,2026_department_classification
G04040200005,official_name,압력용기시스템전공,압력용기시스템전공,2026_department_classification
G04040200005,display_name,단과대구분없음 압력용기시스템전공,단과대구분없음압력용기시스템전공,2026_department_classification
G04050100008,official_name,전기공학과,전기공학과,2026_department_classification
G04050100008,display_name,단과대구분없음 전기공학과,단과대구분없음전기공학과,2026_department_classification
G04050100036,official_name,한국전기연구원,한국전기연구원,2026_department_classification
G04050100036,display_name,단과대구분없음 한국전기연구원,단과대구분없음한국전기연구원,2026_department_classification
G04050100055,official_name,전기전자공학과(나노반도체첨단제조공정교육),전기전자공학과(나노반도체첨단제조공정교육),2026_department_classification
G04050100055,display_name,단과대구분없음 전기전자공학과(나노반도체첨단제조공정교육),단과대구분없음전기전자공학과(나노반도체첨단제조공정교육),2026_department_classification
G04050100055,parent_department_name,전기전자공학과,전기전자공학과,2026_department_classification
G04050100055,major_name,나노반도체첨단제조공정교육,나노반도체첨단제조공정교육,2026_department_classification
G04050200012,official_name,전기전자공학과,전기전자공학과,2026_department_classification
G04050200012,display_name,단과대구분없음 전기전자공학과,단과대구분없음전기전자공학과,2026_department_classification
G04050200024,official_name,전기전자컴퓨터공학과,전기전자컴퓨터공학과,2026_department_classification
G04050200024,display_name,단과대구분없음 전기전자컴퓨터공학과,단과대구분없음전기전자컴퓨터공학과,2026_department_classification
G04050200027,official_name,전자공학과,전자공학과,2026_department_classification
G04050200027,display_name,단과대구분없음 전자공학과,단과대구분없음전자공학과,2026_department_classification
G04050200033,official_name,전자전기공학과,전자전기공학과,2026_department_classification
G04050200033,display_name,단과대구분없음 전자전기공학과,단과대구분없음전자전기공학과,2026_department_classification
G04050200059,official_name,전자전기컴퓨터공학과,전자전기컴퓨터공학과,2026_department_classification
G04050200059,display_name,단과대구분없음 전자전기컴퓨터공학과,단과대구분없음전자전기컴퓨터공학과,2026_department_classification
G04050300030,official_name,한국로봇융합연구원,한국로봇융합연구원,2026_department_classification
G04050300030,display_name,단과대구분없음 한국로봇융합연구원,단과대구분없음한국로봇융합연구원,2026_department_classification
G04050300030,official_name,한국로봇융합연구원,한국로봇융합연구원,2026_department_classification
G04050300030,display_name,단과대구분없음 한국로봇융합연구원,단과대구분없음한국로봇융합연구원,2026_department_classification
G04050300036,official_name,로봇융합전공,로봇융합전공,2026_department_classification
G04050300036,display_name,단과대구분없음 로봇융합전공,단과대구분없음로봇융합전공,2026_department_classification
G04060200157,official_name,원자력공학전공,원자력공학전공,2026_department_classification
G04060200157,display_name,단과대구분없음 원자력공학전공,단과대구분없음원자력공학전공,2026_department_classification
G04060200199,official_name,그린설비융합전공,그린설비융합전공,2026_department_classification
G04060200199,display_name,단과대구분없음 그린설비융합전공,단과대구분없음그린설비융합전공,2026_department_classification
G04060200202,official_name,에너지융합발전연소전공,에너지융합발전연소전공,2026_department_classification
G04060200202,display_name,단과대구분없음 에너지융합발전연소전공,단과대구분없음에너지융합발전연소전공,2026_department_classification
G04060200248,official_name,탄소중립기후변화학과,탄소중립기후변화학과,2026_department_classification
G04060200248,display_name,단과대구분없음 탄소중립기후변화학과,단과대구분없음탄소중립기후변화학과,2026_department_classification
G04070100043,official_name,한국세라믹기술원,한국세라믹기술원,2026_department_classification
G04070100043,display_name,단과대구분없음 한국세라믹기술원,단과대구분없음한국세라믹기술원,2026_department_classification
G04070100094,official_name,나노반도체 공정・장비 계약학과,나노반도체공정・장비계약학과,2026_department_classification
G04070100094,display_name,단과대구분없음 나노반도체 공정・장비 계약학과,단과대구분없음나노반도체공정・장비계약학과,2026_department_classification
G04070200003,official_name,섬유공학과,섬유공학과,2026_department_classification
G04070200003,display_name,단과대구분없음 섬유공학과,단과대구분없음섬유공학과,2026_department_classification
G04070200032,official_name,한국염색기술연구원,한국염색기술연구원,2026_department_classification
G04070200032,display_name,단과대구분없음 한국염색기술연구원,단과대구분없음한국염색기술연구원,2026_department_classification
G04070200033,official_name,한국소재융합연구원,한국소재융합연구원,2026_department_classification
G04070200033,display_name,단과대구분없음 한국소재융합연구원,단과대구분없음한국소재융합연구원,2026_department_classification
G04070300029,official_name,바이오소재공학과,바이오소재공학과,2026_department_classification
G04070300029,display_name,단과대구분없음 바이오소재공학과,단과대구분없음바이오소재공학과,2026_department_classification
G04070300045,official_name,유기소재시스템공학과,유기소재시스템공학과,2026_department_classification
G04070300045,display_name,단과대구분없음 유기소재시스템공학과,단과대구분없음유기소재시스템공학과,2026_department_classification
G04070300084,official_name,하이브리드소재솔루션협동과정,하이브리드소재솔루션협동과정,2026_department_classification
G04070300084,display_name,단과대구분없음 하이브리드소재솔루션협동과정,단과대구분없음하이브리드소재솔루션협동과정,2026_department_classification
G04070400006,official_name,재료공학과,재료공학과,2026_department_classification
G04070400006,display_name,단과대구분없음 재료공학과,단과대구분없음재료공학과,2026_department_classification
G04070400054,official_name,수송기기하이테크소재부품전공,수송기기하이테크소재부품전공,2026_department_classification
G04070400054,display_name,단과대구분없음 수송기기하이테크소재부품전공,단과대구분없음수송기기하이테크소재부품전공,2026_department_classification
G04070400075,official_name,한국재료연구원,한국재료연구원,2026_department_classification
G04070400075,display_name,단과대구분없음 한국재료연구원,단과대구분없음한국재료연구원,2026_department_classification
G04080100022,official_name,멀티미디어협동과정,멀티미디어협동과정,2026_department_classification
G04080100022,display_name,단과대구분없음 멀티미디어협동과정,단과대구분없음멀티미디어협동과정,2026_department_classification
G04080100133,official_name,빅데이터협동과정,빅데이터협동과정,2026_department_classification
G04080100133,display_name,단과대구분없음 빅데이터협동과정,단과대구분없음빅데이터협동과정,2026_department_classification
G04080100153,official_name,교육과미디어융합전공,교육과미디어융합전공,2026_department_classification
G04080100153,display_name,단과대구분없음 교육과미디어융합전공,단과대구분없음교육과미디어융합전공,2026_department_classification
G04080100154,official_name,빅데이터전공,빅데이터전공,2026_department_classification
G04080100154,display_name,단과대구분없음 빅데이터전공,단과대구분없음빅데이터전공,2026_department_classification
G04080100204,official_name,"정보융합공학과(컴퓨터공학전공, AI전공)","정보융합공학과(컴퓨터공학전공,ai전공)",2026_department_classification
G04080100204,display_name,"단과대구분없음 정보융합공학과(컴퓨터공학전공, AI전공)","단과대구분없음정보융합공학과(컴퓨터공학전공,ai전공)",2026_department_classification
G04080100204,parent_department_name,정보융합공학과,정보융합공학과,2026_department_classification
G04080100204,major_name,"컴퓨터공학전공, AI전공","컴퓨터공학전공,ai전공",2026_department_classification
G04080300203,official_name,정보통신협동과정(정보시스템공학과),정보통신협동과정(정보시스템공학과),2026_department_classification
G04080300203,display_name,단과대구분없음 정보통신협동과정(정보시스템공학과),단과대구분없음정보통신협동과정(정보시스템공학과),2026_department_classification
G04080300203,parent_department_name,정보통신협동과정,정보통신협동과정,2026_department_classification
G04080300203,major_name,정보시스템공학과,정보시스템공학과,2026_department_classification
G04080300355,official_name,ICT융합학과,ict융합학과,2026_department_classification
G04080300355,display_name,단과대구분없음 ICT융합학과,단과대구분없음ict융합학과,2026_department_classification
G04080300376,official_name,핀테크공학과,핀테크공학과,2026_department_classification
G04080300376,display_name,단과대구분없음 핀테크공학과,단과대구분없음핀테크공학과,2026_department_classification
G04080300404,official_name,정보융합공학과,정보융합공학과,2026_department_classification
G04080300404,display_name,단과대구분없음 정보융합공학과,단과대구분없음정보융합공학과,2026_department_classification
G04090100012,official_name,산업공학과,산업공학과,2026_department_classification
G04090100012,display_name,단과대구분없음 산업공학과,단과대구분없음산업공학과,2026_department_classification
G04090100126,official_name,한국산업기술시험원,한국산업기술시험원,2026_department_classification
G04090100126,display_name,단과대구분없음 한국산업기술시험원,단과대구분없음한국산업기술시험원,2026_department_classification
G04100100001,official_name,고분자공학과,고분자공학과,2026_department_classification
G04100100001,display_name,단과대구분없음 고분자공학과,단과대구분없음고분자공학과,2026_department_classification
G04100100020,official_name,청정공학협동과정,청정공학협동과정,2026_department_classification
G04100100020,display_name,단과대구분없음 청정공학협동과정,단과대구분없음청정공학협동과정,2026_department_classification
G04100100042,official_name,첨단정밀공학협동과정,첨단정밀공학협동과정,2026_department_classification
G04100100042,display_name,단과대구분없음 첨단정밀공학협동과정,단과대구분없음첨단정밀공학협동과정,2026_department_classification
G04100100048,official_name,화학공학・고분자공학과,화학공학・고분자공학과,2026_department_classification
G04100100048,display_name,단과대구분없음 화학공학・고분자공학과,단과대구분없음화학공학・고분자공학과,2026_department_classification
G04100100075,official_name,응용화학공학부,응용화학공학부,2026_department_classification
G04100100075,display_name,단과대구분없음 응용화학공학부,단과대구분없음응용화학공학부,2026_department_classification
G04100100082,official_name,그린고분자소재전공,그린고분자소재전공,2026_department_classification
G04100100082,display_name,단과대구분없음 그린고분자소재전공,단과대구분없음그린고분자소재전공,2026_department_classification
G04100100082,official_name,그린고분자소재전공,그린고분자소재전공,2026_department_classification
G04100100082,display_name,단과대구분없음 그린고분자소재전공,단과대구분없음그린고분자소재전공,2026_department_classification
G04100100090,official_name,화학공학.고분자공학과,화학공학.고분자공학과,2026_department_classification
G04100100090,display_name,단과대구분없음 화학공학.고분자공학과,단과대구분없음화학공학.고분자공학과,2026_department_classification
G04100100131,official_name,한국에너지기술연구원,한국에너지기술연구원,2026_department_classification
G04100100131,display_name,단과대구분없음 한국에너지기술연구원,단과대구분없음한국에너지기술연구원,2026_department_classification
G04100100136,official_name,응용화학공학부(나노반도체첨단제조공정융합교육),응용화학공학부(나노반도체첨단제조공정융합교육),2026_department_classification
G04100100136,display_name,단과대구분없음 응용화학공학부(나노반도체첨단제조공정융합교육),단과대구분없음응용화학공학부(나노반도체첨단제조공정융합교육),2026_department_classification
G04100100136,parent_department_name,응용화학공학부,응용화학공학부,2026_department_classification
G04100100136,major_name,나노반도체첨단제조공정융합교육,나노반도체첨단제조공정융합교육,2026_department_classification
G04110100009,official_name,메카트로닉스협동과정,메카트로닉스협동과정,2026_department_classification
G04110100009,display_name,단과대구분없음 메카트로닉스협동과정,단과대구분없음메카트로닉스협동과정,2026_department_classification
G04110100051,official_name,로봇관련협동과정,로봇관련협동과정,2026_department_classification
G04110100051,display_name,단과대구분없음 로봇관련협동과정,단과대구분없음로봇관련협동과정,2026_department_classification
G04110100094,official_name,한국전자통신연구원,한국전자통신연구원,2026_department_classification
G04110100094,display_name,단과대구분없음 한국전자통신연구원,단과대구분없음한국전자통신연구원,2026_department_classification
G04110200026,official_name,창의공학시스템협동과정,창의공학시스템협동과정,2026_department_classification
G04110200026,display_name,단과대구분없음 창의공학시스템협동과정,단과대구분없음창의공학시스템협동과정,2026_department_classification
G04110200050,official_name,냉동공조에너지전공,냉동공조에너지전공,2026_department_classification
G04110200050,display_name,단과대구분없음 냉동공조에너지전공,단과대구분없음냉동공조에너지전공,2026_department_classification
G04110200190,official_name,스마트융합공학과,스마트융합공학과,2026_department_classification
G04110200190,display_name,단과대구분없음 스마트융합공학과,단과대구분없음스마트융합공학과,2026_department_classification
G04110200238,official_name,스마트가전공조시스템학과,스마트가전공조시스템학과,2026_department_classification
G04110200238,display_name,단과대구분없음 스마트가전공조시스템학과,단과대구분없음스마트가전공조시스템학과,2026_department_classification
G04110200281,official_name,한국생산기술연구원,한국생산기술연구원,2026_department_classification
G04110200281,display_name,단과대구분없음 한국생산기술연구원,단과대구분없음한국생산기술연구원,2026_department_classification
G04110300028,official_name,융합학부,융합학부,2026_department_classification
G04110300028,display_name,단과대구분없음 융합학부,단과대구분없음융합학부,2026_department_classification
G04110300032,official_name,공학교육전공,공학교육전공,2026_department_classification
G04110300032,display_name,단과대구분없음 공학교육전공,단과대구분없음공학교육전공,2026_department_classification
G05010100096,official_name,농업환경변화대응융합전공,농업환경변화대응융합전공,2026_department_classification
G05010100096,display_name,단과대구분없음 농업환경변화대응융합전공,단과대구분없음농업환경변화대응융합전공,2026_department_classification
G05020100026,official_name,생명과학과,생명과학과,2026_department_classification
G05020100026,display_name,단과대구분없음 생명과학과,단과대구분없음생명과학과,2026_department_classification
G05020100088,official_name,바이오시스템공학과,바이오시스템공학과,2026_department_classification
G05020100088,display_name,단과대구분없음 바이오시스템공학과,단과대구분없음바이오시스템공학과,2026_department_classification
G05020100122,official_name,바이오정보전자공학과,바이오정보전자공학과,2026_department_classification
G05020100122,display_name,단과대구분없음 바이오정보전자공학과,단과대구분없음바이오정보전자공학과,2026_department_classification
G05020100201,official_name,헬스테크놀로지협동과정,헬스테크놀로지협동과정,2026_department_classification
G05020100201,display_name,단과대구분없음 헬스테크놀로지협동과정,단과대구분없음헬스테크놀로지협동과정,2026_department_classification
G05020100231,official_name,생명시스템학과,생명시스템학과,2026_department_classification
G05020100231,display_name,단과대구분없음 생명시스템학과,단과대구분없음생명시스템학과,2026_department_classification
G05020100306,official_name,생물정보학및장수과학전공,생물정보학및장수과학전공,2026_department_classification
G05020100306,display_name,단과대구분없음 생물정보학및장수과학전공,단과대구분없음생물정보학및장수과학전공,2026_department_classification
G05020100307,official_name,헬스테크놀로지전공,헬스테크놀로지전공,2026_department_classification
G05020100307,display_name,단과대구분없음 헬스테크놀로지전공,단과대구분없음헬스테크놀로지전공,2026_department_classification
G05020100315,official_name,유전체데이터과학전공,유전체데이터과학전공,2026_department_classification
G05020100315,display_name,단과대구분없음 유전체데이터과학전공,단과대구분없음유전체데이터과학전공,2026_department_classification
G05020200006,official_name,미생물학과,미생물학과,2026_department_classification
G05020200006,display_name,단과대구분없음 미생물학과,단과대구분없음미생물학과,2026_department_classification
G05020200010,official_name,분자생물학과,분자생물학과,2026_department_classification
G05020200010,display_name,단과대구분없음 분자생물학과,단과대구분없음분자생물학과,2026_department_classification
G05020200014,official_name,생물공학전공,생물공학전공,2026_department_classification
G05020200014,display_name,단과대구분없음 생물공학전공,단과대구분없음생물공학전공,2026_department_classification
G05020200023,official_name,생물학과,생물학과,2026_department_classification
G05020200023,display_name,단과대구분없음 생물학과,단과대구분없음생물학과,2026_department_classification
G05020200040,official_name,생물공학협동과정,생물공학협동과정,2026_department_classification
G05020200040,display_name,단과대구분없음 생물공학협동과정,단과대구분없음생물공학협동과정,2026_department_classification
G05020200085,official_name,분자과학기술협동과정,분자과학기술협동과정,2026_department_classification
G05020200085,display_name,단과대구분없음 분자과학기술협동과정,단과대구분없음분자과학기술협동과정,2026_department_classification
G05020200092,official_name,생물정보학및장수과학협동과정,생물정보학및장수과학협동과정,2026_department_classification
G05020200092,display_name,단과대구분없음 생물정보학및장수과학협동과정,단과대구분없음생물정보학및장수과학협동과정,2026_department_classification
G05020400016,official_name,생명자원과학과,생명자원과학과,2026_department_classification
G05020400016,display_name,단과대구분없음 생명자원과학과,단과대구분없음생명자원과학과,2026_department_classification
G05020500006,official_name,화학과,화학과,2026_department_classification
G05020500006,display_name,단과대구분없음 화학과,단과대구분없음화학과,2026_department_classification
G05020500027,official_name,화학소재학과,화학소재학과,2026_department_classification
G05020500027,display_name,단과대구분없음 화학소재학과,단과대구분없음화학소재학과,2026_department_classification
G05020500033,official_name,한국화학연구원,한국화학연구원,2026_department_classification
G05020500033,display_name,단과대구분없음 한국화학연구원,단과대구분없음한국화학연구원,2026_department_classification
G05020500039,official_name,분자과학기술전공,분자과학기술전공,2026_department_classification
G05020500039,display_name,단과대구분없음 분자과학기술전공,단과대구분없음분자과학기술전공,2026_department_classification
G05020500044,official_name,한국해양과학기술원,한국해양과학기술원,2026_department_classification
G05020500044,display_name,단과대구분없음 한국해양과학기술원,단과대구분없음한국해양과학기술원,2026_department_classification
G05020600026,official_name,환경공학과,환경공학과,2026_department_classification
G05020600026,display_name,단과대구분없음 환경공학과,단과대구분없음환경공학과,2026_department_classification
G05020600046,official_name,환경시스템협동과정,환경시스템협동과정,2026_department_classification
G05020600046,display_name,단과대구분없음 환경시스템협동과정,단과대구분없음환경시스템협동과정,2026_department_classification
G05020600083,official_name,지역환경시스템공학과,지역환경시스템공학과,2026_department_classification
G05020600083,display_name,단과대구분없음 지역환경시스템공학과,단과대구분없음지역환경시스템공학과,2026_department_classification
G05030100019,official_name,아동가족학과,아동가족학과,2026_department_classification
G05030100019,display_name,단과대구분없음 아동가족학과,단과대구분없음아동가족학과,2026_department_classification
G05030100021,official_name,아동주거학과,아동주거학과,2026_department_classification
G05030100021,display_name,단과대구분없음 아동주거학과,단과대구분없음아동주거학과,2026_department_classification
G05030100025,official_name,주거환경학과,주거환경학과,2026_department_classification
G05030100025,display_name,단과대구분없음 주거환경학과,단과대구분없음주거환경학과,2026_department_classification
G05030200028,official_name,식품영양학과,식품영양학과,2026_department_classification
G05030200028,display_name,단과대구분없음 식품영양학과,단과대구분없음식품영양학과,2026_department_classification
G05030200085,official_name,식품바이오소재과학과,식품바이오소재과학과,2026_department_classification
G05030200085,display_name,단과대구분없음 식품바이오소재과학과,단과대구분없음식품바이오소재과학과,2026_department_classification
G05030300005,official_name,의류학과,의류학과,2026_department_classification
G05030300005,display_name,단과대구분없음 의류학과,단과대구분없음의류학과,2026_department_classification
G05030300039,official_name,전통복식과보존과학협동과정,전통복식과보존과학협동과정,2026_department_classification
G05030300039,display_name,단과대구분없음 전통복식과보존과학협동과정,단과대구분없음전통복식과보존과학협동과정,2026_department_classification
G05030300047,official_name,문화유산보존과학전공,문화유산보존과학전공,2026_department_classification
G05030300047,display_name,단과대구분없음 문화유산보존과학전공,단과대구분없음문화유산보존과학전공,2026_department_classification
G05040100006,official_name,수학과,수학과,2026_department_classification
G05040100006,display_name,단과대구분없음 수학과,단과대구분없음수학과,2026_department_classification
G05040100027,official_name,수리정보산업전공,수리정보산업전공,2026_department_classification
G05040100027,display_name,단과대구분없음 수리정보산업전공,단과대구분없음수리정보산업전공,2026_department_classification
G05040200017,official_name,통계학과,통계학과,2026_department_classification
G05040200017,display_name,단과대구분없음 통계학과,단과대구분없음통계학과,2026_department_classification
G05040300003,official_name,과학기술학협동과정,과학기술학협동과정,2026_department_classification
G05040300003,display_name,단과대구분없음 과학기술학협동과정,단과대구분없음과학기술학협동과정,2026_department_classification
G05040300008,official_name,과학학협동과정,과학학협동과정,2026_department_classification
G05040300008,display_name,단과대구분없음 과학학협동과정,단과대구분없음과학학협동과정,2026_department_classification
G05040300026,official_name,물리학과,물리학과,2026_department_classification
G05040300026,display_name,단과대구분없음 물리학과,단과대구분없음물리학과,2026_department_classification
G05040400002,official_name,대기과학과,대기과학과,2026_department_classification
G05040400002,display_name,단과대구분없음 대기과학과,단과대구분없음대기과학과,2026_department_classification
G05040500003,official_name,지구과학과,지구과학과,2026_department_classification
G05040500003,display_name,단과대구분없음 지구과학과,단과대구분없음지구과학과,2026_department_classification
G05040500020,official_name,지형정보협동과정,지형정보협동과정,2026_department_classification
G05040500020,display_name,단과대구분없음 지형정보협동과정,단과대구분없음지형정보협동과정,2026_department_classification
G05040500028,official_name,지구환경시스템학부,지구환경시스템학부,2026_department_classification
G05040500028,display_name,단과대구분없음 지구환경시스템학부,단과대구분없음지구환경시스템학부,2026_department_classification
G05040500037,official_name,기후시스템전공,기후시스템전공,2026_department_classification
G05040500037,display_name,단과대구분없음 기후시스템전공,단과대구분없음기후시스템전공,2026_department_classification
G05040600013,official_name,과학기술인문학협동과정,과학기술인문학협동과정,2026_department_classification
G05040600013,display_name,단과대구분없음 과학기술인문학협동과정,단과대구분없음과학기술인문학협동과정,2026_department_classification
G06010100013,official_name,의공학전공,의공학전공,2026_department_classification
G06010100013,display_name,단과대구분없음 의공학전공,단과대구분없음의공학전공,2026_department_classification
G06010100038,official_name,의과학과,의과학과,2026_department_classification
G06010100038,display_name,단과대구분없음 의과학과,단과대구분없음의과학과,2026_department_classification
G06030100009,official_name,약학과,약학과,2026_department_classification
G06030100009,display_name,단과대구분없음 약학과,단과대구분없음약학과,2026_department_classification
G06030100012,official_name,제약학과,제약학과,2026_department_classification
G06030100012,display_name,단과대구분없음 제약학과,단과대구분없음제약학과,2026_department_classification
G06040200106,official_name,통합예술치료학과,통합예술치료학과,2026_department_classification
G06040200106,display_name,단과대구분없음 통합예술치료학과,단과대구분없음통합예술치료학과,2026_department_classification
G06040300002,official_name,의공학협동과정,의공학협동과정,2026_department_classification
G06040300002,display_name,단과대구분없음 의공학협동과정,단과대구분없음의공학협동과정,2026_department_classification
G07010100002,official_name,디자인학과,디자인학과,2026_department_classification
G07010100002,display_name,단과대구분없음 디자인학과,단과대구분없음디자인학과,2026_department_classification
G07010500121,official_name,실내환경디자인학과,실내환경디자인학과,2026_department_classification
G07010500121,display_name,단과대구분없음 실내환경디자인학과,단과대구분없음실내환경디자인학과,2026_department_classification
G07020300048,official_name,예술·문화와영상매체협동과정,예술·문화와영상매체협동과정,2026_department_classification
G07020300048,display_name,단과대구분없음 예술·문화와영상매체협동과정,단과대구분없음예술·문화와영상매체협동과정,2026_department_classification
G07020300101,official_name,영상정보협동과정,영상정보협동과정,2026_department_classification
G07020300101,display_name,단과대구분없음 영상정보협동과정,단과대구분없음영상정보협동과정,2026_department_classification
G07020300137,official_name,예술문화영상학과,예술문화영상학과,2026_department_classification
G07020300137,display_name,단과대구분없음 예술문화영상학과,단과대구분없음예술문화영상학과,2026_department_classification
G07020300260,official_name,디자인테크놀로지학과,디자인테크놀로지학과,2026_department_classification
G07020300260,display_name,단과대구분없음 디자인테크놀로지학과,단과대구분없음디자인테크놀로지학과,2026_department_classification
G07030100002,official_name,무용학과,무용학과,2026_department_classification
G07030100002,display_name,단과대구분없음 무용학과,단과대구분없음무용학과,2026_department_classification
G07030200027,official_name,스포츠과학과,스포츠과학과,2026_department_classification
G07030200027,display_name,단과대구분없음 스포츠과학과,단과대구분없음스포츠과학과,2026_department_classification
G07030200042,official_name,체육학과,체육학과,2026_department_classification
G07030200042,display_name,단과대구분없음 체육학과,단과대구분없음체육학과,2026_department_classification
G07040100007,official_name,미술학과,미술학과,2026_department_classification
G07040100007,display_name,단과대구분없음 미술학과,단과대구분없음미술학과,2026_department_classification
G07040300011,official_name,조형학과,조형학과,2026_department_classification
G07040300011,display_name,단과대구분없음 조형학과,단과대구분없음조형학과,2026_department_classification
G07060100006,official_name,음악학과,음악학과,2026_department_classification
G07060100006,display_name,단과대구분없음 음악학과,단과대구분없음음악학과,2026_department_classification
G07060200005,official_name,한국음악학과,한국음악학과,2026_department_classification
G07060200005,display_name,단과대구분없음 한국음악학과,단과대구분없음한국음악학과,2026_department_classification
T00000012639,official_name,에너지경제연구원,에너지경제연구원,2026_department_classification
T00000012639,display_name,단과대구분없음 에너지경제연구원,단과대구분없음에너지경제연구원,2026_department_classification
T00000012675,official_name,후각디스플레이공학과,후각디스플레이공학과,2026_department_classification
T00000012675,display_name,단과대구분없음 후각디스플레이공학과,단과대구분없음후각디스플레이공학과,2026_department_classification
G04010300006,official_name,조경학과,조경학과,2026_department_classification
G04010300006,display_name,단과대구분없음 조경학과,단과대구분없음조경학과,2026_department_classification
G04050200148,official_name,인지메카트로닉스공학과(나노반도체첨단제조공정융합교육),인지메카트로닉스공학과(나노반도체첨단제조공정융합교육),2026_department_classification
G04050200148,display_name,단과대구분없음 인지메카트로닉스공학과(나노반도체첨단제조공정융합교육),단과대구분없음인지메카트로닉스공학과(나노반도체첨단제조공정융합교육),2026_department_classification
G04050200148,parent_department_name,인지메카트로닉스공학과,인지메카트로닉스공학과,2026_department_classification
G04050200148,major_name,나노반도체첨단제조공정융합교육,나노반도체첨단제조공정융합교육,2026_department_classification
G04060200090,official_name,바이오환경에너지학과,바이오환경에너지학과,2026_department_classification
G04060200090,display_name,단과대구분없음 바이오환경에너지학과,단과대구분없음바이오환경에너지학과,2026_department_classification
G04060200251,official_name,나노융합기술학과(나노반도체첨단제조공정융합교육),나노융합기술학과(나노반도체첨단제조공정융합교육),2026_department_classification
G04060200251,display_name,단과대구분없음 나노융합기술학과(나노반도체첨단제조공정융합교육),단과대구분없음나노융합기술학과(나노반도체첨단제조공정융합교육),2026_department_classification
G04060200251,parent_department_name,나노융합기술학과,나노융합기술학과,2026_department_classification
G04060200251,major_name,나노반도체첨단제조공정융합교육,나노반도체첨단제조공정융합교육,2026_department_classification
G04070300096,official_name,바이오소재과학과,바이오소재과학과,2026_department_classification
G04070300096,display_name,단과대구분없음 바이오소재과학과,단과대구분없음바이오소재과학과,2026_department_classification
G04070400030,official_name,나노융합기술학과,나노융합기술학과,2026_department_classification
G04070400030,display_name,단과대구분없음 나노융합기술학과,단과대구분없음나노융합기술학과,2026_department_classification
G04080300204,official_name,IT응용공학과,it응용공학과,2026_department_classification
G04080300204,display_name,단과대구분없음 IT응용공학과,단과대구분없음it응용공학과,2026_department_classification
G04110100041,official_name,인지메카트로닉스공학과,인지메카트로닉스공학과,2026_department_classification
G04110100041,display_name,단과대구분없음 인지메카트로닉스공학과,단과대구분없음인지메카트로닉스공학과,2026_department_classification
G04110100073,official_name,나노메카트로닉스공학과,나노메카트로닉스공학과,2026_department_classification
G04110100073,display_name,단과대구분없음 나노메카트로닉스공학과,단과대구분없음나노메카트로닉스공학과,2026_department_classification
G05010100129,official_name,농촌진흥청,농촌진흥청,2026_department_classification
G05010100129,display_name,단과대구분없음 농촌진흥청,단과대구분없음농촌진흥청,2026_department_classification
G05020100044,official_name,식물생명과학과,식물생명과학과,2026_department_classification
G05020100044,display_name,단과대구분없음 식물생명과학과,단과대구분없음식물생명과학과,2026_department_classification
G05020100103,official_name,원예생명과학과,원예생명과학과,2026_department_classification
G05020100103,display_name,단과대구분없음 원예생명과학과,단과대구분없음원예생명과학과,2026_department_classification
G05020100104,official_name,생명환경화학과,생명환경화학과,2026_department_classification
G05020100104,display_name,단과대구분없음 생명환경화학과,단과대구분없음생명환경화학과,2026_department_classification
G05020100123,official_name,바이오산업기계공학과,바이오산업기계공학과,2026_department_classification
G05020100123,display_name,단과대구분없음 바이오산업기계공학과,단과대구분없음바이오산업기계공학과,2026_department_classification
G05020400036,official_name,식품자원경제학과,식품자원경제학과,2026_department_classification
G05020400036,display_name,단과대구분없음 식품자원경제학과,단과대구분없음식품자원경제학과,2026_department_classification
G05020400072,official_name,동물생명자원과학과,동물생명자원과학과,2026_department_classification
G05020400072,display_name,단과대구분없음 동물생명자원과학과,단과대구분없음동물생명자원과학과,2026_department_classification
G05020400105,official_name,생명자원응용과학과,생명자원응용과학과,2026_department_classification
G05020400105,display_name,단과대구분없음 생명자원응용과학과,단과대구분없음생명자원응용과학과,2026_department_classification
G05030200009,official_name,식품공학과,식품공학과,2026_department_classification
G05030200009,display_name,단과대구분없음 식품공학과,단과대구분없음식품공학과,2026_department_classification
G05030200170,official_name,푸드테크학과,푸드테크학과,2026_department_classification
G05030200170,display_name,단과대구분없음 푸드테크학과,단과대구분없음푸드테크학과,2026_department_classification
G05020100416,official_name,융합한의과학과,융합한의과학과,2026_department_classification
G05020100416,display_name,단과대구분없음 융합한의과학과,단과대구분없음융합한의과학과,2026_department_classification
G06010100014,official_name,의학과,의학과,2026_department_classification
G06010100014,display_name,단과대구분없음 의학과,단과대구분없음의학과,2026_department_classification
G06010200012,official_name,치의학과,치의학과,2026_department_classification
G06010200012,display_name,단과대구분없음 치의학과,단과대구분없음치의학과,2026_department_classification
G06010300007,official_name,한의학과,한의학과,2026_department_classification
G06010300007,display_name,단과대구분없음 한의학과,단과대구분없음한의학과,2026_department_classification
G06020100004,official_name,간호학과,간호학과,2026_department_classification
G06020100004,display_name,단과대구분없음 간호학과,단과대구분없음간호학과,2026_department_classification
G06040300042,official_name,융합의과학과,융합의과학과,2026_department_classification
G06040300042,display_name,단과대구분없음 융합의과학과,단과대구분없음융합의과학과,2026_department_classification
G06040300090,official_name,정보융합공학과(의생명융합전공),정보융합공학과(의생명융합전공),2026_department_classification
G06040300090,display_name,단과대구분없음 정보융합공학과(의생명융합전공),단과대구분없음정보융합공학과(의생명융합전공),2026_department_classification
G06040300090,parent_department_name,정보융합공학과,정보융합공학과,2026_department_classification
G06040300090,major_name,의생명융합전공,의생명융합전공,2026_department_classification
G02010100024,official_name,경영학전공,경영학전공,2026_department_classification
G02010100024,display_name,단과대구분없음 경영학전공,단과대구분없음경영학전공,2026_department_classification
G02010100049,official_name,국제경영전공,국제경영전공,2026_department_classification
G02010100049,display_name,단과대구분없음 국제경영전공,단과대구분없음국제경영전공,2026_department_classification
G02010100077,official_name,노사관계전공,노사관계전공,2026_department_classification
G02010100077,display_name,단과대구분없음 노사관계전공,단과대구분없음노사관계전공,2026_department_classification
G02010100525,official_name,Techno-MBA전공,techno-mba전공,2026_department_classification
G02010100525,display_name,단과대구분없음 Techno-MBA전공,단과대구분없음techno-mba전공,2026_department_classification
G02010100584,official_name,삼성 테크노 MBA전공,삼성테크노mba전공,2026_department_classification
G02010100584,display_name,단과대구분없음 삼성 테크노 MBA전공,단과대구분없음삼성테크노mba전공,2026_department_classification
G02010100879,official_name,경영혁신MBA전공,경영혁신mba전공,2026_department_classification
G02010100879,display_name,단과대구분없음 경영혁신MBA전공,단과대구분없음경영혁신mba전공,2026_department_classification
G02010101224,official_name,디지털MBA전공,디지털mba전공,2026_department_classification
G02010101224,display_name,단과대구분없음 디지털MBA전공,단과대구분없음디지털mba전공,2026_department_classification
G03010100006,official_name,교육공학전공,교육공학전공,2026_department_classification
G03010100006,display_name,단과대구분없음 교육공학전공,단과대구분없음교육공학전공,2026_department_classification
G03010100014,official_name,교육방법전공,교육방법전공,2026_department_classification
G03010100014,display_name,단과대구분없음 교육방법전공,단과대구분없음교육방법전공,2026_department_classification
G03010100033,official_name,교육철학전공,교육철학전공,2026_department_classification
G03010100033,display_name,단과대구분없음 교육철학전공,단과대구분없음교육철학전공,2026_department_classification
G03010100034,official_name,교육학과,교육학과,2026_department_classification
G03010100034,display_name,단과대구분없음 교육학과,단과대구분없음교육학과,2026_department_classification
G03010100039,official_name,교육행정전공,교육행정전공,2026_department_classification
G03010100039,display_name,단과대구분없음 교육행정전공,단과대구분없음교육행정전공,2026_department_classification
G03010100064,official_name,평생교육전공,평생교육전공,2026_department_classification
G03010100064,display_name,단과대구분없음 평생교육전공,단과대구분없음평생교육전공,2026_department_classification
G03010100066,official_name,학교상담전공,학교상담전공,2026_department_classification
G03010100066,display_name,단과대구분없음 학교상담전공,단과대구분없음학교상담전공,2026_department_classification
G03010100174,official_name,교육과정・수업컨설팅전공,교육과정・수업컨설팅전공,2026_department_classification
G03010100174,display_name,단과대구분없음 교육과정・수업컨설팅전공,단과대구분없음교육과정・수업컨설팅전공,2026_department_classification
G03010100250,official_name,교육혁신전공,교육혁신전공,2026_department_classification
G03010100250,display_name,단과대구분없음 교육혁신전공,단과대구분없음교육혁신전공,2026_department_classification
G03010100266,official_name,교육리더십・학교컨설팅전공,교육리더십・학교컨설팅전공,2026_department_classification
G03010100266,display_name,단과대구분없음 교육리더십・학교컨설팅전공,단과대구분없음교육리더십・학교컨설팅전공,2026_department_classification
G03010100267,official_name,교육공학・국제교육협력전공,교육공학・국제교육협력전공,2026_department_classification
G03010100267,display_name,단과대구분없음 교육공학・국제교육협력전공,단과대구분없음교육공학・국제교육협력전공,2026_department_classification
G03010100276,official_name,AI융합교육전공,ai융합교육전공,2026_department_classification
G03010100276,display_name,단과대구분없음 AI융합교육전공,단과대구분없음ai융합교육전공,2026_department_classification
G03020100008,official_name,유아교육전공,유아교육전공,2026_department_classification
G03020100008,display_name,단과대구분없음 유아교육전공,단과대구분없음유아교육전공,2026_department_classification
G03030100007,official_name,유아특수교육전공,유아특수교육전공,2026_department_classification
G03030100007,display_name,단과대구분없음 유아특수교육전공,단과대구분없음유아특수교육전공,2026_department_classification
G03030100015,official_name,특수교육전공,특수교육전공,2026_department_classification
G03030100015,display_name,단과대구분없음 특수교육전공,단과대구분없음특수교육전공,2026_department_classification
G03050100002,official_name,국어교육전공,국어교육전공,2026_department_classification
G03050100002,display_name,단과대구분없음 국어교육전공,단과대구분없음국어교육전공,2026_department_classification
G03050100007,official_name,독어교육전공,독어교육전공,2026_department_classification
G03050100007,display_name,단과대구분없음 독어교육전공,단과대구분없음독어교육전공,2026_department_classification
G03050100011,official_name,불어교육전공,불어교육전공,2026_department_classification
G03050100011,display_name,단과대구분없음 불어교육전공,단과대구분없음불어교육전공,2026_department_classification
G03050100017,official_name,영어교육전공,영어교육전공,2026_department_classification
G03050100017,display_name,단과대구분없음 영어교육전공,단과대구분없음영어교육전공,2026_department_classification
G03050100027,official_name,일본어교육전공,일본어교육전공,2026_department_classification
G03050100027,display_name,단과대구분없음 일본어교육전공,단과대구분없음일본어교육전공,2026_department_classification
G03050100031,official_name,중국어교육전공,중국어교육전공,2026_department_classification
G03050100031,display_name,단과대구분없음 중국어교육전공,단과대구분없음중국어교육전공,2026_department_classification
G03050100038,official_name,한문교육전공,한문교육전공,2026_department_classification
G03050100038,display_name,단과대구분없음 한문교육전공,단과대구분없음한문교육전공,2026_department_classification
G03050200019,official_name,사서교육전공,사서교육전공,2026_department_classification
G03050200019,display_name,단과대구분없음 사서교육전공,단과대구분없음사서교육전공,2026_department_classification
G03050200021,official_name,윤리교육전공,윤리교육전공,2026_department_classification
G03050200021,display_name,단과대구분없음 윤리교육전공,단과대구분없음윤리교육전공,2026_department_classification
G03050300016,official_name,역사교육전공,역사교육전공,2026_department_classification
G03050300016,display_name,단과대구분없음 역사교육전공,단과대구분없음역사교육전공,2026_department_classification
G03050300020,official_name,일반사회교육전공,일반사회교육전공,2026_department_classification
G03050300020,display_name,단과대구분없음 일반사회교육전공,단과대구분없음일반사회교육전공,2026_department_classification
G03050400025,official_name,정보컴퓨터교육전공,정보컴퓨터교육전공,2026_department_classification
G03050400025,display_name,단과대구분없음 정보컴퓨터교육전공,단과대구분없음정보컴퓨터교육전공,2026_department_classification
G03050500002,official_name,가정교육전공,가정교육전공,2026_department_classification
G03050500002,display_name,단과대구분없음 가정교육전공,단과대구분없음가정교육전공,2026_department_classification
G03050500005,official_name,간호교육전공,간호교육전공,2026_department_classification
G03050500005,display_name,단과대구분없음 간호교육전공,단과대구분없음간호교육전공,2026_department_classification
G03050500023,official_name,물리교육전공,물리교육전공,2026_department_classification
G03050500023,display_name,단과대구분없음 물리교육전공,단과대구분없음물리교육전공,2026_department_classification
G03050500029,official_name,생물교육전공,생물교육전공,2026_department_classification
G03050500029,display_name,단과대구분없음 생물교육전공,단과대구분없음생물교육전공,2026_department_classification
G03050500034,official_name,수학교육전공,수학교육전공,2026_department_classification
G03050500034,display_name,단과대구분없음 수학교육전공,단과대구분없음수학교육전공,2026_department_classification
G03050500043,official_name,지구과학교육전공,지구과학교육전공,2026_department_classification
G03050500043,display_name,단과대구분없음 지구과학교육전공,단과대구분없음지구과학교육전공,2026_department_classification
G03050500046,official_name,지리교육전공,지리교육전공,2026_department_classification
G03050500046,display_name,단과대구분없음 지리교육전공,단과대구분없음지리교육전공,2026_department_classification
G03050500051,official_name,화학교육전공,화학교육전공,2026_department_classification
G03050500051,display_name,단과대구분없음 화학교육전공,단과대구분없음화학교육전공,2026_department_classification
G03050500055,official_name,환경교육전공,환경교육전공,2026_department_classification
G03050500055,display_name,단과대구분없음 환경교육전공,단과대구분없음환경교육전공,2026_department_classification
G03050500057,official_name,영양교육전공,영양교육전공,2026_department_classification
G03050500057,display_name,단과대구분없음 영양교육전공,단과대구분없음영양교육전공,2026_department_classification
G03050600009,official_name,미술교육전공,미술교육전공,2026_department_classification
G03050600009,display_name,단과대구분없음 미술교육전공,단과대구분없음미술교육전공,2026_department_classification
G03050600019,official_name,음악교육전공,음악교육전공,2026_department_classification
G03050600019,display_name,단과대구분없음 음악교육전공,단과대구분없음음악교육전공,2026_department_classification
G03050600022,official_name,체육교육전공,체육교육전공,2026_department_classification
G03050600022,display_name,단과대구분없음 체육교육전공,단과대구분없음체육교육전공,2026_department_classification
G02010500180,official_name,파생금융전공,파생금융전공,2026_department_classification
G02010500180,display_name,단과대구분없음 파생금융전공,단과대구분없음파생금융전공,2026_department_classification
G02010100816,official_name,스포츠산업학전공,스포츠산업학전공,2026_department_classification
G02010100816,display_name,단과대구분없음 스포츠산업학전공,단과대구분없음스포츠산업학전공,2026_department_classification
G04010100007,official_name,건축공학전공,건축공학전공,2026_department_classification
G04010100007,display_name,단과대구분없음 건축공학전공,단과대구분없음건축공학전공,2026_department_classification
G04010200012,official_name,건축학전공,건축학전공,2026_department_classification
G04010200012,display_name,단과대구분없음 건축학전공,단과대구분없음건축학전공,2026_department_classification
G04020100032,official_name,토목공학전공,토목공학전공,2026_department_classification
G04020100032,display_name,단과대구분없음 토목공학전공,단과대구분없음토목공학전공,2026_department_classification
G04030300099,official_name,조선.해양공학전공,조선.해양공학전공,2026_department_classification
G04030300099,display_name,단과대구분없음 조선.해양공학전공,단과대구분없음조선.해양공학전공,2026_department_classification
G04040100006,official_name,기계공학전공,기계공학전공,2026_department_classification
G04040100006,display_name,단과대구분없음 기계공학전공,단과대구분없음기계공학전공,2026_department_classification
G04050200073,official_name,전자전기공학전공,전자전기공학전공,2026_department_classification
G04050200073,display_name,단과대구분없음 전자전기공학전공,단과대구분없음전자전기공학전공,2026_department_classification
G04070300052,official_name,유기소재시스템공학전공,유기소재시스템공학전공,2026_department_classification
G04070300052,display_name,단과대구분없음 유기소재시스템공학전공,단과대구분없음유기소재시스템공학전공,2026_department_classification
G04070400008,official_name,재료공학전공,재료공학전공,2026_department_classification
G04070400008,display_name,단과대구분없음 재료공학전공,단과대구분없음재료공학전공,2026_department_classification
G04090100014,official_name,산업공학전공,산업공학전공,2026_department_classification
G04090100014,display_name,단과대구분없음 산업공학전공,단과대구분없음산업공학전공,2026_department_classification
G04100100002,official_name,고분자공학전공,고분자공학전공,2026_department_classification
G04100100002,display_name,단과대구분없음 고분자공학전공,단과대구분없음고분자공학전공,2026_department_classification
G04100100028,official_name,화학공학전공,화학공학전공,2026_department_classification
G04100100028,display_name,단과대구분없음 화학공학전공,단과대구분없음화학공학전공,2026_department_classification
G01020200197,official_name,국제차산업문화전공,국제차산업문화전공,2026_department_classification
G01020200197,display_name,단과대구분없음 국제차산업문화전공,단과대구분없음국제차산업문화전공,2026_department_classification
G04010300007,official_name,조경학전공,조경학전공,2026_department_classification
G04010300007,display_name,단과대구분없음 조경학전공,단과대구분없음조경학전공,2026_department_classification
G05020100105,official_name,원예생명과학전공,원예생명과학전공,2026_department_classification
G05020100105,display_name,단과대구분없음 원예생명과학전공,단과대구분없음원예생명과학전공,2026_department_classification
G02030100034,official_name,사회복지학전공,사회복지학전공,2026_department_classification
G02030100034,display_name,단과대구분없음 사회복지학전공,단과대구분없음사회복지학전공,2026_department_classification
G02030700176,official_name,행정학과,행정학과,2026_department_classification
G02030700176,display_name,단과대구분없음 행정학과,단과대구분없음행정학과,2026_department_classification
G02030700177,official_name,행정학전공,행정학전공,2026_department_classification
G02030700177,display_name,단과대구분없음 행정학전공,단과대구분없음행정학전공,2026_department_classification
G02030300006,official_name,도시계획학과,도시계획학과,2026_department_classification
G02030300006,display_name,단과대구분없음 도시계획학과,단과대구분없음도시계획학과,2026_department_classification
G05020600026,official_name,환경공학과,환경공학과,2026_department_classification
G05020600026,display_name,단과대구분없음 환경공학과,단과대구분없음환경공학과,2026_department_classification
G05020600031,official_name,환경과학과,환경과학과,2026_department_classification
G05020600031,display_name,단과대구분없음 환경과학과,단과대구분없음환경과학과,2026_department_classification
G06010300005,official_name,한의과학과,한의과학과,2026_department_classification
G06010300005,display_name,단과대구분없음 한의과학과,단과대구분없음한의과학과,2026_department_classification
G06010300007,official_name,한의학과,한의학과,2026_department_classification
G06010300007,display_name,단과대구분없음 한의학과,단과대구분없음한의학과,2026_department_classification
G06010300024,official_name,학석사통합과정(한의학과),학석사통합과정(한의학과),2026_department_classification
G06010300024,display_name,단과대구분없음 학석사통합과정(한의학과),단과대구분없음학석사통합과정(한의학과),2026_department_classification
G06010300024,parent_department_name,학석사통합과정,학석사통합과정,2026_department_classification
G06010300024,major_name,한의학과,한의학과,2026_department_classification
G01020600083,official_name,한국학전공,한국학전공,2026_department_classification
G01020600083,display_name,단과대구분없음 한국학전공,단과대구분없음한국학전공,2026_department_classification
G01020600085,official_name,해외지역연구전공,해외지역연구전공,2026_department_classification
G01020600085,display_name,단과대구분없음 해외지역연구전공,단과대구분없음해외지역연구전공,2026_department_classification
G01020600118,official_name,국제지역.협력전공,국제지역.협력전공,2026_department_classification
G01020600118,display_name,단과대구분없음 국제지역.협력전공,단과대구분없음국제지역.협력전공,2026_department_classification
G02010100422,official_name,글로벌비즈니스전공,글로벌비즈니스전공,2026_department_classification
G02010100422,display_name,단과대구분없음 글로벌비즈니스전공,단과대구분없음글로벌비즈니스전공,2026_department_classification
G02010100422,official_name,글로벌비즈니스전공,글로벌비즈니스전공,2026_department_classification
G02010100422,display_name,단과대구분없음 글로벌비즈니스전공,단과대구분없음글로벌비즈니스전공,2026_department_classification
G02010600009,official_name,국제물류및항만관리전공,국제물류및항만관리전공,2026_department_classification
G02010600009,display_name,단과대구분없음 국제물류및항만관리전공,단과대구분없음국제물류및항만관리전공,2026_department_classification
G02010600018,official_name,국제통상전공,국제통상전공,2026_department_classification
G02010600018,display_name,단과대구분없음 국제통상전공,단과대구분없음국제통상전공,2026_department_classification
G02030200017,official_name,국제협력전공,국제협력전공,2026_department_classification
G02030200017,display_name,단과대구분없음 국제협력전공,단과대구분없음국제협력전공,2026_department_classification
G02030200046,official_name,EU전공,eu전공,2026_department_classification
G02030200046,display_name,단과대구분없음 EU전공,단과대구분없음eu전공,2026_department_classification
T00000012672,official_name,학.연 협동과정 (한국해양수산개발원),학.연협동과정(한국해양수산개발원),2026_department_classification
T00000012672,display_name,단과대구분없음 학.연 협동과정 (한국해양수산개발원),단과대구분없음학.연협동과정(한국해양수산개발원),2026_department_classification
T00000012672,parent_department_name,학.연 협동과정,학.연협동과정,2026_department_classification
T00000012672,major_name,한국해양수산개발원,한국해양수산개발원,2026_department_classification
G02020100032,official_name,법학과,법학과,2026_department_classification
G02020100032,display_name,단과대구분없음 법학과,단과대구분없음법학과,2026_department_classification
G06010100014,official_name,의학과,의학과,2026_department_classification
G06010100014,display_name,단과대구분없음 의학과,단과대구분없음의학과,2026_department_classification
G06040300003,official_name,의과학과,의과학과,2026_department_classification
G06040300003,display_name,단과대구분없음 의과학과,단과대구분없음의과학과,2026_department_classification
G05020100235,official_name,치의생명과학과,치의생명과학과,2026_department_classification
G05020100235,display_name,단과대구분없음 치의생명과학과,단과대구분없음치의생명과학과,2026_department_classification
G06010200012,official_name,치의학과,치의학과,2026_department_classification
G06010200012,display_name,단과대구분없음 치의학과,단과대구분없음치의학과,2026_department_classification
G06010200040,official_name,학석사통합과정(치의학과),학석사통합과정(치의학과),2026_department_classification
G06010200040,display_name,단과대구분없음 학석사통합과정(치의학과),단과대구분없음학석사통합과정(치의학과),2026_department_classification
G06010200040,parent_department_name,학석사통합과정,학석사통합과정,2026_department_classification
G06010200040,major_name,치의학과,치의학과,2026_department_classification
G02010100711,official_name,FTA비즈니스전공,fta비즈니스전공,2026_department_classification
G02010100711,display_name,단과대구분없음 FTA비즈니스전공,단과대구분없음fta비즈니스전공,2026_department_classification
G02010200111,official_name,경제통상전공,경제통상전공,2026_department_classification
G02010200111,display_name,단과대구분없음 경제통상전공,단과대구분없음경제통상전공,2026_department_classification
G02010300070,official_name,관광컨벤션전공,관광컨벤션전공,2026_department_classification
G02010300070,display_name,단과대구분없음 관광컨벤션전공,단과대구분없음관광컨벤션전공,2026_department_classification
G02030700015,official_name,공공정책전공,공공정책전공,2026_department_classification
G02030700015,display_name,단과대구분없음 공공정책전공,단과대구분없음공공정책전공,2026_department_classification
G02030700289,official_name,글로벌정책전공,글로벌정책전공,2026_department_classification
G02030700289,display_name,단과대구분없음 글로벌정책전공,단과대구분없음글로벌정책전공,2026_department_classification
G02030700424,official_name,공공감사전공,공공감사전공,2026_department_classification
G02030700424,display_name,단과대구분없음 공공감사전공,단과대구분없음공공감사전공,2026_department_classification
G04090100119,official_name,기술창업학과,기술창업학과,2026_department_classification
G04090100119,display_name,단과대구분없음 기술창업학과,단과대구분없음기술창업학과,2026_department_classification
G04080100221,official_name,산업데이터사이언스융합학과,산업데이터사이언스융합학과,2026_department_classification
G04080100221,display_name,단과대구분없음 산업데이터사이언스융합학과,단과대구분없음산업데이터사이언스융합학과,2026_department_classification
G04090100112,official_name,데이터사이언스학과,데이터사이언스학과,2026_department_classification
G04090100112,display_name,단과대구분없음 데이터사이언스학과,단과대구분없음데이터사이언스학과,2026_department_classification
G05020100407,official_name,임상유전상담전공,임상유전상담전공,2026_department_classification
G05020100407,display_name,단과대구분없음 임상유전상담전공,단과대구분없음임상유전상담전공,2026_department_classification
G05020100407,official_name,임상유전상담전공,임상유전상담전공,2026_department_classification
G05020100407,display_name,단과대구분없음 임상유전상담전공,단과대구분없음임상유전상담전공,2026_department_classification
G06040100024,official_name,보건학전공,보건학전공,2026_department_classification
G06040100024,display_name,단과대구분없음 보건학전공,단과대구분없음보건학전공,2026_department_classification
G06040100024,official_name,보건학전공,보건학전공,2026_department_classification
G06040100024,display_name,단과대구분없음 보건학전공,단과대구분없음보건학전공,2026_department_classification
G06040300098,official_name,임상바이오융합전공,임상바이오융합전공,2026_department_classification
G06040300098,display_name,단과대구분없음 임상바이오융합전공,단과대구분없음임상바이오융합전공,2026_department_classification
G06040300098,official_name,임상바이오융합전공,임상바이오융합전공,2026_department_classification
G06040300098,display_name,단과대구분없음 임상바이오융합전공,단과대구분없음임상바이오융합전공,2026_department_classification
G06020100044,official_name,노인전문간호전공,노인전문간호전공,2026_department_classification
G06020100044,display_name,단과대구분없음 노인전문간호전공,단과대구분없음노인전문간호전공,2026_department_classification
G06020100055,official_name,중환자전문간호전공,중환자전문간호전공,2026_department_classification
G06020100055,display_name,단과대구분없음 중환자전문간호전공,단과대구분없음중환자전문간호전공,2026_department_classification
G06020100057,official_name,정신전문간호전공,정신전문간호전공,2026_department_classification
G06020100057,display_name,단과대구분없음 정신전문간호전공,단과대구분없음정신전문간호전공,2026_department_classification
G06020100058,official_name,전문간호사과정,전문간호사과정,2026_department_classification
G06020100058,display_name,단과대구분없음 전문간호사과정,단과대구분없음전문간호사과정,2026_department_classification
G06020100059,official_name,감염관리전문간호전공,감염관리전문간호전공,2026_department_classification
G06020100059,display_name,단과대구분없음 감염관리전문간호전공,단과대구분없음감염관리전문간호전공,2026_department_classification
